stratifier,level,task,index,n,observed,corrected,lo,hi,shift,interval_contains_observed
Saudi data used,Yes,Causal,validity,142,0.473142117249408,0.482675113940648,0.399050851684447,0.553097777268759,0.00953299669124025,TRUE
Saudi data used,Yes,Descriptive,validity,58,0.431862342638205,0.480145046524357,0.392986111111111,0.572712438423645,0.0482827038861521,TRUE
Saudi data used,No,Causal,validity,87,0.504715317925257,0.510689703940611,0.419940408808943,0.580348196354255,0.00597438601535438,TRUE
Saudi data used,No,Descriptive,validity,23,0.430779848171153,0.500707384403037,0.397119996549344,0.609271911663216,0.069927536231884,TRUE
Saudi data used,Yes,Causal,transparency,142,0.853440395936471,0.838671580506491,0.785239034419773,0.880178467561088,-0.0147688154299805,TRUE
Saudi data used,Yes,Descriptive,transparency,58,0.847229064039409,0.834725643130816,0.765187978927203,0.896196633825944,-0.0125034209085934,TRUE
Saudi data used,No,Causal,transparency,87,0.831218790402627,0.823798799718918,0.770744248760089,0.866770990349944,-0.00741999068370902,TRUE
Saudi data used,No,Descriptive,transparency,23,0.79696342305038,0.811456176673568,0.740577984817115,0.880193236714976,0.0144927536231884,TRUE
Saudi data used,Yes,Causal,acknowledgement,142,0.307746478873239,0.30868544600939,0.274178403755869,0.343192488262911,0.00093896713615027,TRUE
Saudi data used,Yes,Descriptive,acknowledgement,58,0.33764367816092,0.321637426900585,0.272988505747126,0.359660870927318,-0.0160062512603348,TRUE
Saudi data used,No,Causal,acknowledgement,87,0.313409961685824,0.304789272030651,0.262835249042146,0.341954022988506,-0.00862068965517243,TRUE
Saudi data used,No,Descriptive,acknowledgement,23,0.369565217391304,0.36231884057971,0.287878787878788,0.424242424242424,-0.00724637681159418,TRUE
Number of authors,1-2,Causal,validity,28,0.463737455938086,0.47498715540995,0.392883689096268,0.551786969376912,0.0112496994718633,TRUE
Number of authors,1-2,Descriptive,validity,11,0.385858585858586,0.445707070707071,0.32852904040404,0.558337842712843,0.0598484848484849,TRUE
Number of authors,3-10,Causal,validity,156,0.477502169880564,0.487631590496112,0.402114908054176,0.557622778848275,0.0101294206155483,TRUE
Number of authors,3-10,Descriptive,validity,53,0.436028751123091,0.491501946690626,0.400379043126685,0.589129791853849,0.0554731955675352,TRUE
Number of authors,11+,Causal,validity,45,0.524920578695088,0.523988792616244,0.427244224366773,0.595212958578993,-0.00093178607884481,TRUE
Number of authors,11+,Descriptive,validity,17,0.447175536881419,0.495915032679739,0.389704715219421,0.604031862745098,0.0487394957983194,TRUE
Number of authors,1-2,Causal,transparency,28,0.847032274448241,0.838220560660161,0.786958548643817,0.879490341809801,-0.00881171378807932,TRUE
Number of authors,1-2,Descriptive,transparency,11,0.833333333333333,0.839393939393939,0.763924963924964,0.906926406926407,0.0060606060606061,TRUE
Number of authors,3-10,Causal,transparency,156,0.845045671667338,0.833744209315774,0.779317754959388,0.875086033163812,-0.0113014623515635,TRUE
Number of authors,3-10,Descriptive,transparency,53,0.82571129080563,0.817793501048218,0.7513596885295,0.882476789457922,-0.00791778975741242,TRUE
Number of authors,11+,Causal,transparency,45,0.843567611630047,0.82891169025715,0.774712823358463,0.874453119743174,-0.0146559213728976,TRUE
Number of authors,11+,Descriptive,transparency,17,0.855298786181139,0.851213818860878,0.763818860877684,0.922275326797386,-0.00408496732026153,TRUE
Number of authors,1-2,Causal,acknowledgement,28,0.301190476190476,0.297619047619048,0.242261904761905,0.357142857142857,-0.00357142857142856,TRUE
Number of authors,1-2,Descriptive,acknowledgement,11,0.53030303030303,0.484848484848485,0.378787878787879,0.545454545454545,-0.0454545454545454,TRUE
Number of authors,3-10,Causal,acknowledgement,156,0.30534188034188,0.306089743589744,0.272646901709402,0.34252938034188,0.000747863247863245,TRUE
Number of authors,3-10,Descriptive,acknowledgement,53,0.309748427672956,0.30188679245283,0.254805424528302,0.339622641509434,-0.00786163522012578,TRUE
Number of authors,11+,Causal,acknowledgement,45,0.331111111111111,0.313703703703704,0.262953703703704,0.356314814814815,-0.0174074074074074,TRUE
Number of authors,11+,Descriptive,acknowledgement,17,0.343137254901961,0.333333333333333,0.254901960784314,0.411764705882353,-0.00980392156862747,TRUE
% Saudi authors,>=50%,Causal,validity,145,0.474979243767276,0.484584925723364,0.402040267568452,0.553293472938844,0.00960568195608763,TRUE
% Saudi authors,>=50%,Descriptive,validity,55,0.422893217893218,0.47507215007215,0.388330808080808,0.568984307359307,0.0521789321789322,TRUE
% Saudi authors,<50%,Causal,validity,84,0.502671701936408,0.50837800203609,0.416257322397685,0.580839565940012,0.00570630009968232,TRUE
% Saudi authors,<50%,Descriptive,validity,26,0.4498778998779,0.510294566544567,0.408439407814408,0.609586385836386,0.0604166666666666,TRUE
% Saudi authors,>=50%,Causal,transparency,145,0.850943292707198,0.839523287407348,0.787846242301404,0.880847437093113,-0.0114200052998494,TRUE
% Saudi authors,>=50%,Descriptive,transparency,55,0.838427128427128,0.829715007215007,0.760293650793651,0.892344336219336,-0.00871212121212117,TRUE
% Saudi authors,<50%,Causal,transparency,84,0.834735637445998,0.822080278968824,0.766818678483283,0.864172567564526,-0.0126553584771739,TRUE
% Saudi authors,<50%,Descriptive,transparency,26,0.821382783882784,0.824771062271062,0.754725274725275,0.891720467032967,0.00338827838827849,TRUE
% Saudi authors,>=50%,Causal,acknowledgement,145,0.297471264367816,0.292873563218391,0.257813218390805,0.325635057471264,-0.00459770114942526,TRUE
% Saudi authors,>=50%,Descriptive,acknowledgement,55,0.331818181818182,0.313636363636364,0.265119949494949,0.351523569023569,-0.0181818181818181,TRUE
% Saudi authors,<50%,Causal,acknowledgement,84,0.331349206349206,0.330555555555556,0.29046626984127,0.37281746031746,-0.000793650793650791,TRUE
% Saudi authors,<50%,Descriptive,acknowledgement,26,0.378205128205128,0.373333333333333,0.307692307692308,0.4295,-0.00487179487179484,TRUE
Corresponding author,Saudi,Causal,validity,146,0.48273339551039,0.490204200616405,0.406901812610328,0.559510931629812,0.0074708051060155,TRUE
Corresponding author,Saudi,Descriptive,validity,58,0.424418445539135,0.480449507389163,0.390817084017515,0.573152709359606,0.0560310618500274,TRUE
Corresponding author,Non-Saudi,Causal,validity,83,0.489365512824053,0.499259013783287,0.409457244808503,0.568615903595971,0.00989350095923447,TRUE
Corresponding author,Non-Saudi,Descriptive,validity,23,0.449551414768806,0.50200138026225,0.395772946859903,0.603722394755003,0.0524499654934438,TRUE
Corresponding author,Saudi,Causal,transparency,146,0.850929080497234,0.83909986300885,0.785941684833555,0.879966547835991,-0.0118292174883846,TRUE
Corresponding author,Saudi,Descriptive,transparency,58,0.8290982484948,0.826457307060755,0.759082512315271,0.89065578817734,-0.00264094143404481,TRUE
Corresponding author,Non-Saudi,Causal,transparency,83,0.834565364282064,0.822873843210764,0.769629041133632,0.864620051498479,-0.0116915210713003,TRUE
Corresponding author,Non-Saudi,Descriptive,transparency,23,0.842684610075914,0.832134230503796,0.757649672187716,0.895559437543133,-0.0105503795721187,TRUE
Corresponding author,Saudi,Causal,acknowledgement,146,0.299657534246575,0.295034246575342,0.260844748858447,0.325231164383562,-0.00462328767123288,TRUE
Corresponding author,Saudi,Descriptive,acknowledgement,58,0.306034482758621,0.291666666666667,0.244252873563218,0.327618277914614,-0.014367816091954,TRUE
Corresponding author,Non-Saudi,Causal,acknowledgement,83,0.327911646586345,0.327309236947791,0.287339357429719,0.373498995983936,-0.00060240963855418,TRUE
Corresponding author,Non-Saudi,Descriptive,acknowledgement,23,0.449275362318841,0.434782608695652,0.369565217391304,0.492753623188406,-0.0144927536231884,TRUE
First author,Saudi,Causal,validity,152,0.476821742606379,0.486324803267248,0.401749541857334,0.55519083108191,0.00950306066086887,TRUE
First author,Saudi,Descriptive,validity,59,0.421744686575195,0.476079499596449,0.386857344632768,0.569288572773742,0.0543348130212537,TRUE
First author,Non-Saudi,Causal,validity,77,0.5015520575681,0.507905589656927,0.417038246189554,0.57807861675079,0.00635353208882616,TRUE
First author,Non-Saudi,Descriptive,validity,22,0.457864357864358,0.514303751803752,0.41061553030303,0.617941017316017,0.056439393939394,TRUE
First author,Saudi,Causal,transparency,152,0.849812460207401,0.838243197514447,0.78527785866284,0.879585115685212,-0.0115692626929541,TRUE
First author,Saudi,Descriptive,transparency,59,0.829573580844767,0.823738902340597,0.755833165186979,0.887504539951574,-0.00583467850417008,TRUE
First author,Non-Saudi,Causal,transparency,77,0.835494506967307,0.822945590025975,0.769301436192192,0.865326862710487,-0.0125489169413319,TRUE
First author,Non-Saudi,Descriptive,transparency,22,0.842027417027417,0.83968253968254,0.764880501443001,0.903790133477633,-0.00234487734487732,TRUE
First author,Saudi,Causal,acknowledgement,152,0.299671052631579,0.298026315789474,0.26358826754386,0.32905975877193,-0.00164473684210525,TRUE
First author,Saudi,Descriptive,acknowledgement,59,0.317796610169492,0.30225988700565,0.254237288135593,0.338983050847458,-0.0155367231638418,TRUE
First author,Non-Saudi,Causal,acknowledgement,77,0.33008658008658,0.324675324675325,0.282467532467532,0.367121212121212,-0.00541125541125542,TRUE
First author,Non-Saudi,Descriptive,acknowledgement,22,0.424242424242424,0.416666666666667,0.348484848484849,0.475,-0.00757575757575757,TRUE
Last author,Saudi,Causal,validity,133,0.473774275383077,0.483381981181627,0.398843634819282,0.553375174646598,0.00960770579855053,TRUE
Last author,Saudi,Descriptive,validity,51,0.431318082788671,0.481746031746032,0.396204870837224,0.575321156240274,0.0504279489573607,TRUE
Last author,Non-Saudi,Causal,validity,96,0.500879527947543,0.506765869530116,0.41833060207256,0.574215659132364,0.00588634158257317,TRUE
Last author,Non-Saudi,Descriptive,validity,30,0.431957671957672,0.492982804232804,0.390423941798942,0.597104828042328,0.0610251322751323,TRUE
Last author,Saudi,Causal,transparency,133,0.845352594672877,0.835237152267489,0.782594212183966,0.877037063780274,-0.0101154424053875,TRUE
Last author,Saudi,Descriptive,transparency,51,0.837542794895736,0.831917211328976,0.762843915343915,0.89192265795207,-0.00562558356676002,TRUE
Last author,Non-Saudi,Causal,transparency,96,0.844507040588697,0.830285902952433,0.776631629726214,0.872374512191777,-0.0142211376362644,TRUE
Last author,Non-Saudi,Descriptive,transparency,30,0.82515873015873,0.821812169312169,0.750044642857143,0.891808201058201,-0.00334656084656082,TRUE
Last author,Saudi,Causal,acknowledgement,133,0.288220551378446,0.281704260651629,0.247114661654135,0.311654135338346,-0.00651629072681703,TRUE
Last author,Saudi,Descriptive,acknowledgement,51,0.343137254901961,0.32516339869281,0.271241830065359,0.366013071895425,-0.0179738562091503,TRUE
Last author,Non-Saudi,Causal,acknowledgement,96,0.339930555555556,0.341493055555556,0.3015625,0.383854166666667,0.00156249999999997,TRUE
Last author,Non-Saudi,Descriptive,acknowledgement,30,0.352777777777778,0.344827586206897,0.291666666666667,0.390804597701149,-0.00795019157088123,TRUE
Sector composition,Academic-only,Causal,validity,156,0.474458532815433,0.486399612227562,0.403348064260819,0.554408879517108,0.0119410794121291,TRUE
Sector composition,Academic-only,Descriptive,validity,51,0.407648615001556,0.474334733893557,0.384773187052599,0.573333333333333,0.0666861188920012,TRUE
Sector composition,Health-system,Causal,validity,73,0.507957290269941,0.508020052067191,0.420251041151525,0.580471201983843,6.2761797249955e-05,TRUE
Sector composition,Health-system,Descriptive,validity,30,0.472195767195767,0.506375661375661,0.405851190476191,0.599693121693122,0.0341798941798941,TRUE
Sector composition,Academic-only,Causal,transparency,156,0.837228471860229,0.829122574781511,0.777314841615252,0.869997734279874,-0.00810589707871801,TRUE
Sector composition,Academic-only,Descriptive,transparency,51,0.825863678804855,0.82358776844071,0.760287309368192,0.885001361655773,-0.00227591036414565,TRUE
Sector composition,Health-system,Causal,transparency,73,0.861601772298791,0.841721498686648,0.785703002845932,0.884845660651463,-0.0198802736121432,TRUE
Sector composition,Health-system,Descriptive,transparency,30,0.845013227513227,0.835747354497355,0.754662698412699,0.901546957671958,-0.00926587301587289,TRUE
Sector composition,Academic-only,Causal,acknowledgement,156,0.303098290598291,0.304380341880342,0.265913461538462,0.342310363247863,0.00128205128205128,TRUE
Sector composition,Academic-only,Descriptive,acknowledgement,51,0.315359477124183,0.30718954248366,0.259803921568627,0.341503267973856,-0.00816993464052285,TRUE
Sector composition,Health-system,Causal,acknowledgement,73,0.324429223744292,0.311415525114155,0.274880136986301,0.347950913242009,-0.013013698630137,TRUE
Sector composition,Health-system,Descriptive,acknowledgement,30,0.4,0.377777777777778,0.314791666666667,0.427777777777778,-0.0222222222222223,TRUE
Single vs multi-sector,Single-sector,Causal,validity,178,0.480667246207563,0.490171633921634,0.406304466571011,0.559173249766958,0.00950438771407047,TRUE
Single vs multi-sector,Single-sector,Descriptive,validity,61,0.44504293520687,0.493930523028884,0.403993136872235,0.588356589903721,0.0488875878220141,TRUE
Single vs multi-sector,Multi-sector,Causal,validity,51,0.500738107528765,0.501605774399892,0.413898173785717,0.57430800152686,0.000867666871127049,TRUE
Single vs multi-sector,Multi-sector,Descriptive,validity,20,0.390416666666667,0.462053571428571,0.35809126984127,0.573334325396825,0.0716369047619048,TRUE
Single vs multi-sector,Single-sector,Causal,transparency,178,0.838671856271301,0.828807655798842,0.777274405181312,0.870409132335518,-0.00986420047245962,TRUE
Single vs multi-sector,Single-sector,Descriptive,transparency,61,0.837867551392142,0.831391491022639,0.761865567265157,0.895612639864689,-0.00647606036950299,TRUE
Single vs multi-sector,Multi-sector,Causal,transparency,51,0.867078050425801,0.848159529020256,0.791116131281572,0.891073024358059,-0.0189185214055456,TRUE
Single vs multi-sector,Multi-sector,Descriptive,transparency,20,0.817976190476191,0.818839285714286,0.747655257936508,0.882579861111111,0.000863095238095246,TRUE
Single vs multi-sector,Single-sector,Causal,acknowledgement,178,0.299812734082397,0.301404494382022,0.266282771535581,0.336427902621723,0.00159176029962549,TRUE
Single vs multi-sector,Single-sector,Descriptive,acknowledgement,61,0.323770491803279,0.313888888888889,0.271857923497268,0.34836691712204,-0.00988160291438978,TRUE
Single vs multi-sector,Multi-sector,Causal,acknowledgement,51,0.345098039215686,0.324183006535948,0.279738562091503,0.366013071895425,-0.0209150326797385,TRUE
Single vs multi-sector,Multi-sector,Descriptive,acknowledgement,20,0.416666666666667,0.391666666666667,0.308333333333333,0.45,-0.025,TRUE
JCR 2022 quartile,Q1,Causal,validity,47,0.465632590882904,0.474018504267253,0.383321751126429,0.548422439271548,0.00838591338434891,TRUE
JCR 2022 quartile,Q1,Descriptive,validity,17,0.455718954248366,0.511612978524743,0.400138305322129,0.620437091503268,0.0558940242763773,TRUE
JCR 2022 quartile,Q2,Causal,validity,67,0.525694379272079,0.526514181847808,0.435485584920396,0.59418479914145,0.00081980257572889,TRUE
JCR 2022 quartile,Q2,Descriptive,validity,13,0.476923076923077,0.513675213675214,0.400483821733822,0.625860042735043,0.0367521367521368,TRUE
JCR 2022 quartile,Q3,Causal,validity,45,0.490874996463232,0.495484920852568,0.405591997191262,0.563089431900706,0.00460992438933616,TRUE
JCR 2022 quartile,Q3,Descriptive,validity,18,0.39402557319224,0.457451499118166,0.350783179012346,0.569139109347443,0.0634259259259259,TRUE
JCR 2022 quartile,Q4,Causal,validity,20,0.483637281835811,0.503403020590521,0.40394979734318,0.588157351839337,0.0197657387547093,TRUE
JCR 2022 quartile,Q4,Descriptive,validity,17,0.424042950513539,0.478209617180205,0.366820728291317,0.599176003734827,0.0541666666666667,TRUE
JCR 2022 quartile,None,Causal,validity,50,0.444560752972518,0.462981863423814,0.379353730052627,0.53550835131286,0.0184211104512962,TRUE
JCR 2022 quartile,None,Descriptive,validity,16,0.41922123015873,0.477765376984127,0.372702132936508,0.58254650297619,0.0585441468253968,TRUE
JCR 2022 quartile,Q1,Causal,transparency,47,0.854034840142475,0.832990190695134,0.774487678136771,0.877961298409906,-0.0210446494473402,TRUE
JCR 2022 quartile,Q1,Descriptive,transparency,17,0.821008403361345,0.835947712418301,0.757411297852474,0.913538748832866,0.0149393090569562,TRUE
JCR 2022 quartile,Q2,Causal,transparency,67,0.84877275659356,0.837739247977915,0.784359650604813,0.878050450384258,-0.0110335086156443,TRUE
JCR 2022 quartile,Q2,Descriptive,transparency,13,0.863858363858364,0.854700854700855,0.769184981684982,0.937118437118437,-0.00915750915750924,TRUE
JCR 2022 quartile,Q3,Causal,transparency,45,0.854487279242181,0.840806858355878,0.785189640243562,0.883661792138508,-0.0136804208863034,TRUE
JCR 2022 quartile,Q3,Descriptive,transparency,18,0.838734567901235,0.825683421516755,0.747418430335097,0.882396384479718,-0.0130511463844797,TRUE
JCR 2022 quartile,Q4,Causal,transparency,20,0.821282223753199,0.818495932279794,0.764996149640693,0.863967113059799,-0.00278629147340459,TRUE
JCR 2022 quartile,Q4,Descriptive,transparency,17,0.843720821661998,0.818160597572362,0.73624241363212,0.885854341736695,-0.0255602240896359,TRUE
JCR 2022 quartile,None,Causal,transparency,50,0.832391735371611,0.826106185996666,0.771883236867622,0.872638714669404,-0.00628554937494563,TRUE
JCR 2022 quartile,None,Descriptive,transparency,16,0.802604166666667,0.811904761904762,0.73735119047619,0.885540674603175,0.00930059523809523,TRUE
JCR 2022 quartile,Q1,Causal,acknowledgement,47,0.34645390070922,0.361347517730496,0.309574468085106,0.429787234042553,0.0148936170212766,TRUE
JCR 2022 quartile,Q1,Descriptive,acknowledgement,17,0.333333333333333,0.323529411764706,0.254901960784314,0.385416666666667,-0.00980392156862742,TRUE
JCR 2022 quartile,Q2,Causal,acknowledgement,67,0.379353233830846,0.369900497512438,0.32238184079602,0.412941542288557,-0.00945273631840798,TRUE
JCR 2022 quartile,Q2,Descriptive,acknowledgement,13,0.346153846153846,0.333333333333333,0.25,0.384615384615385,-0.0128205128205128,TRUE
JCR 2022 quartile,Q3,Causal,acknowledgement,45,0.289259259259259,0.281851851851852,0.242222222222222,0.325925925925926,-0.00740740740740742,TRUE
JCR 2022 quartile,Q3,Descriptive,acknowledgement,18,0.453703703703704,0.416666666666667,0.324074074074074,0.481481481481481,-0.037037037037037,TRUE
JCR 2022 quartile,Q4,Causal,acknowledgement,20,0.229166666666667,0.22125,0.170833333333333,0.275,-0.00791666666666666,TRUE
JCR 2022 quartile,Q4,Descriptive,acknowledgement,17,0.313725490196078,0.313725490196078,0.245098039215686,0.385416666666667,0,TRUE
JCR 2022 quartile,None,Causal,acknowledgement,50,0.233333333333333,0.225333333333333,0.187666666666667,0.265,-0.00800000000000001,TRUE
JCR 2022 quartile,None,Descriptive,acknowledgement,16,0.276041666666667,0.276041666666667,0.213541666666667,0.327777777777778,0,TRUE
Funding,Funded,Causal,validity,111,0.482237486649251,0.492531649555643,0.404938308323564,0.56245999891801,0.010294162906392,TRUE
Funding,Funded,Descriptive,validity,31,0.396799795186892,0.468068356374808,0.370542754736303,0.574370839733743,0.071268561187916,TRUE
Funding,Declared none,Causal,validity,57,0.475673498041919,0.486594277777877,0.399825312895166,0.55605356767702,0.0109207797359581,TRUE
Funding,Declared none,Descriptive,validity,29,0.435974274767378,0.481841817186645,0.382927955665025,0.580452586206897,0.0458675424192665,TRUE
Funding,Not stated,Causal,validity,61,0.499256768892738,0.500411220221972,0.416641307703868,0.570666621228338,0.00115445132923436,TRUE
Funding,Not stated,Descriptive,validity,21,0.476757369614512,0.517290249433107,0.414980631141345,0.617805177626606,0.040532879818594,TRUE
Funding,Funded,Causal,transparency,111,0.840028956592424,0.82805477201762,0.774781096130748,0.870768477189723,-0.0119741845748037,TRUE
Funding,Funded,Descriptive,transparency,31,0.805005120327701,0.811098310291859,0.745833333333333,0.877962429595494,0.00609318996415775,TRUE
Funding,Declared none,Causal,transparency,57,0.849125784368981,0.837869516692639,0.784303406885949,0.880655148769404,-0.0112562676763426,TRUE
Funding,Declared none,Descriptive,transparency,29,0.849356869184455,0.836234263820471,0.75930316091954,0.903947728516694,-0.0131226053639847,TRUE
Funding,Not stated,Causal,transparency,61,0.850183395036336,0.838013090520323,0.783758021015736,0.881179687430591,-0.0121703045160133,TRUE
Funding,Not stated,Descriptive,transparency,21,0.851568405139834,0.841269841269841,0.762705498866213,0.902591175359032,-0.0102985638699925,TRUE
Funding,Funded,Causal,acknowledgement,111,0.334234234234234,0.333483483483484,0.292642642642643,0.372079579579579,-0.000750750750750706,TRUE
Funding,Funded,Descriptive,acknowledgement,31,0.341397849462366,0.341397849462366,0.287634408602151,0.381720430107527,0,TRUE
Funding,Declared none,Causal,acknowledgement,57,0.275438596491228,0.275146198830409,0.237419590643275,0.321352339181287,-0.000292397660818677,TRUE
Funding,Declared none,Descriptive,acknowledgement,29,0.298850574712644,0.270114942528736,0.208297413793103,0.316091954022989,-0.0287356321839081,TRUE
Funding,Not stated,Causal,acknowledgement,61,0.297814207650273,0.287978142076503,0.246174863387978,0.327329234972678,-0.00983606557377048,TRUE
Funding,Not stated,Descriptive,acknowledgement,21,0.420634920634921,0.412698412698413,0.325396825396825,0.476190476190476,-0.00793650793650796,TRUE
