stratifier,level,ord,task,domain,applic,val_n,rep_n,val_pct,rep_pct,mean_v_items,mean_r_items,mean_sev,ack_named,ack_pct
Saudi data used,Yes,1,Descriptive,Random error,37,8,24,21.6216216216216,64.8648648648649,0.297297297297297,0.648648648648649,0.297297297297297,2,25
Saudi data used,Yes,1,Descriptive,Selection bias,58,39,0,67.2413793103448,0,0.672413793103448,0,0.672413793103448,21,53.8461538461538
Saudi data used,Yes,1,Descriptive,Measurement bias,58,58,0,100,0,1.81034482758621,0,1.55172413793103,18,31.0344827586207
Saudi data used,Yes,1,Descriptive,Confounding bias,0,0,0,NA,NA,NA,NA,NA,NA,NA
Saudi data used,Yes,1,Descriptive,Missing data,58,11,15,18.9655172413793,25.8620689655172,0.189655172413793,0.258620689655172,0.189655172413793,2,18.1818181818182
Saudi data used,Yes,1,Descriptive,Mentioning errors,58,0,22,0,37.9310344827586,0,0.379310344827586,0,NA,NA
Saudi data used,Yes,1,Descriptive,Conflating task,58,35,0,60.3448275862069,0,0.603448275862069,0,0.603448275862069,NA,NA
Saudi data used,Yes,1,Causal,Random error,116,39,61,33.6206896551724,52.5862068965517,0.387931034482759,0.525862068965517,0.387931034482759,6,15.3846153846154
Saudi data used,Yes,1,Causal,Selection bias,142,113,126,79.5774647887324,88.7323943661972,0.830985915492958,0.97887323943662,0.830985915492958,36,31.858407079646
Saudi data used,Yes,1,Causal,Measurement bias,142,142,0,100,0,4.35211267605634,0,3.95774647887324,65,45.7746478873239
Saudi data used,Yes,1,Causal,Confounding bias,142,128,0,90.1408450704225,0,0.901408450704225,0,0.725352122535211,28,21.875
Saudi data used,Yes,1,Causal,Missing data,142,30,50,21.1267605633803,35.2112676056338,0.288732394366197,0.485915492957746,0.27112676056338,3,10
Saudi data used,Yes,1,Causal,Mentioning errors,142,0,36,0,25.3521126760563,0,0.253521126760563,0,NA,NA
Saudi data used,Yes,1,Causal,Conflating task,0,0,0,NA,NA,NA,NA,NA,NA,NA
Saudi data used,No,2,Descriptive,Random error,18,6,11,33.3333333333333,61.1111111111111,0.333333333333333,0.611111111111111,0.333333333333333,2,33.3333333333333
Saudi data used,No,2,Descriptive,Selection bias,23,16,0,69.5652173913043,0,0.695652173913043,0,0.695652173913043,6,37.5
Saudi data used,No,2,Descriptive,Measurement bias,23,22,0,95.6521739130435,0,1.56521739130435,0,1.39130434782609,9,40.9090909090909
Saudi data used,No,2,Descriptive,Confounding bias,0,0,0,NA,NA,NA,NA,NA,NA,NA
Saudi data used,No,2,Descriptive,Missing data,23,0,10,0,43.4782608695652,0,0.434782608695652,0,NA,NA
Saudi data used,No,2,Descriptive,Mentioning errors,23,0,11,0,47.8260869565217,0,0.478260869565217,0,NA,NA
Saudi data used,No,2,Descriptive,Conflating task,23,17,0,73.9130434782609,0,0.739130434782609,0,0.739130434782609,NA,NA
Saudi data used,No,2,Causal,Random error,74,21,47,28.3783783783784,63.5135135135135,0.297297297297297,0.635135135135135,0.297297297297297,2,9.52380952380952
Saudi data used,No,2,Causal,Selection bias,87,70,74,80.4597701149425,85.0574712643678,0.827586206896552,1.06896551724138,0.827586206896552,21,30
Saudi data used,No,2,Causal,Measurement bias,87,87,0,100,0,3.89655172413793,0,3.54597701149425,37,42.5287356321839
Saudi data used,No,2,Causal,Confounding bias,87,73,0,83.9080459770115,0,0.839080459770115,0,0.632183920689655,20,27.3972602739726
Saudi data used,No,2,Causal,Missing data,87,22,33,25.2873563218391,37.9310344827586,0.35632183908046,0.563218390804598,0.35632183908046,3,13.6363636363636
Saudi data used,No,2,Causal,Mentioning errors,87,0,29,0,33.3333333333333,0,0.333333333333333,0,NA,NA
Saudi data used,No,2,Causal,Conflating task,0,0,0,NA,NA,NA,NA,NA,NA,NA
Number of authors,1-2,1,Descriptive,Random error,7,2,4,28.5714285714286,57.1428571428571,0.571428571428571,0.571428571428571,0.571428571428571,0,0
Number of authors,1-2,1,Descriptive,Selection bias,11,8,0,72.7272727272727,0,0.727272727272727,0,0.727272727272727,6,75
Number of authors,1-2,1,Descriptive,Measurement bias,11,11,0,100,0,2,0,1.68181818181818,6,54.5454545454545
Number of authors,1-2,1,Descriptive,Confounding bias,0,0,0,NA,NA,NA,NA,NA,NA,NA
Number of authors,1-2,1,Descriptive,Missing data,11,1,5,9.09090909090909,45.4545454545455,0.0909090909090909,0.454545454545455,0.0909090909090909,0,0
Number of authors,1-2,1,Descriptive,Mentioning errors,11,0,3,0,27.2727272727273,0,0.272727272727273,0,NA,NA
Number of authors,1-2,1,Descriptive,Conflating task,11,6,0,54.5454545454545,0,0.545454545454545,0,0.545454545454545,NA,NA
Number of authors,1-2,1,Causal,Random error,26,12,12,46.1538461538462,46.1538461538462,0.576923076923077,0.461538461538462,0.576923076923077,2,16.6666666666667
Number of authors,1-2,1,Causal,Selection bias,28,24,26,85.7142857142857,92.8571428571429,0.892857142857143,1.03571428571429,0.892857142857143,6,25
Number of authors,1-2,1,Causal,Measurement bias,28,28,0,100,0,4.42857142857143,0,3.96428571428571,13,46.4285714285714
Number of authors,1-2,1,Causal,Confounding bias,28,25,0,89.2857142857143,0,0.892857142857143,0,0.726190485714286,6,24
Number of authors,1-2,1,Causal,Missing data,28,3,11,10.7142857142857,39.2857142857143,0.178571428571429,0.607142857142857,0.178571428571429,0,0
Number of authors,1-2,1,Causal,Mentioning errors,28,0,6,0,21.4285714285714,0,0.214285714285714,0,NA,NA
Number of authors,1-2,1,Causal,Conflating task,0,0,0,NA,NA,NA,NA,NA,NA,NA
Number of authors,3-10,2,Descriptive,Random error,42,11,27,26.1904761904762,64.2857142857143,0.285714285714286,0.642857142857143,0.285714285714286,4,36.3636363636364
Number of authors,3-10,2,Descriptive,Selection bias,53,38,0,71.6981132075472,0,0.716981132075472,0,0.716981132075472,14,36.8421052631579
Number of authors,3-10,2,Descriptive,Measurement bias,53,52,0,98.1132075471698,0,1.69811320754717,0,1.47169811320755,16,30.7692307692308
Number of authors,3-10,2,Descriptive,Confounding bias,0,0,0,NA,NA,NA,NA,NA,NA,NA
Number of authors,3-10,2,Descriptive,Missing data,53,7,14,13.2075471698113,26.4150943396226,0.132075471698113,0.264150943396226,0.132075471698113,1,14.2857142857143
Number of authors,3-10,2,Descriptive,Mentioning errors,53,0,24,0,45.2830188679245,0,0.452830188679245,0,NA,NA
Number of authors,3-10,2,Descriptive,Conflating task,53,35,0,66.0377358490566,0,0.660377358490566,0,0.660377358490566,NA,NA
Number of authors,3-10,2,Causal,Random error,127,40,73,31.496062992126,57.4803149606299,0.338582677165354,0.574803149606299,0.338582677165354,6,15
Number of authors,3-10,2,Causal,Selection bias,156,126,134,80.7692307692308,85.8974358974359,0.83974358974359,0.987179487179487,0.83974358974359,40,31.7460317460317
Number of authors,3-10,2,Causal,Measurement bias,156,156,0,100,0,4.22435897435897,0,3.84294871794872,70,44.8717948717949
Number of authors,3-10,2,Causal,Confounding bias,156,136,0,87.1794871794872,0,0.871794871794872,0,0.694444455128205,29,21.3235294117647
Number of authors,3-10,2,Causal,Missing data,156,36,54,23.0769230769231,34.6153846153846,0.320512820512821,0.5,0.304487179487179,5,13.8888888888889
Number of authors,3-10,2,Causal,Mentioning errors,156,0,49,0,31.4102564102564,0,0.314102564102564,0,NA,NA
Number of authors,3-10,2,Causal,Conflating task,0,0,0,NA,NA,NA,NA,NA,NA,NA
Number of authors,11+,3,Descriptive,Random error,6,1,4,16.6666666666667,66.6666666666667,0.166666666666667,0.666666666666667,0.166666666666667,0,0
Number of authors,11+,3,Descriptive,Selection bias,17,9,0,52.9411764705882,0,0.529411764705882,0,0.529411764705882,7,77.7777777777778
Number of authors,11+,3,Descriptive,Measurement bias,17,17,0,100,0,1.70588235294118,0,1.5,5,29.4117647058824
Number of authors,11+,3,Descriptive,Confounding bias,0,0,0,NA,NA,NA,NA,NA,NA,NA
Number of authors,11+,3,Descriptive,Missing data,17,3,6,17.6470588235294,35.2941176470588,0.176470588235294,0.352941176470588,0.176470588235294,1,33.3333333333333
Number of authors,11+,3,Descriptive,Mentioning errors,17,0,6,0,35.2941176470588,0,0.352941176470588,0,NA,NA
Number of authors,11+,3,Descriptive,Conflating task,17,11,0,64.7058823529412,0,0.647058823529412,0,0.647058823529412,NA,NA
Number of authors,11+,3,Causal,Random error,37,8,23,21.6216216216216,62.1621621621622,0.243243243243243,0.621621621621622,0.243243243243243,0,0
Number of authors,11+,3,Causal,Selection bias,45,33,40,73.3333333333333,88.8888888888889,0.755555555555556,1.08888888888889,0.755555555555556,11,33.3333333333333
Number of authors,11+,3,Causal,Measurement bias,45,45,0,100,0,3.86666666666667,0,3.55555555555556,19,42.2222222222222
Number of authors,11+,3,Causal,Confounding bias,45,40,0,88.8888888888889,0,0.888888888888889,0,0.651851864444444,13,32.5
Number of authors,11+,3,Causal,Missing data,45,13,18,28.8888888888889,40,0.377777777777778,0.511111111111111,0.377777777777778,1,7.69230769230769
Number of authors,11+,3,Causal,Mentioning errors,45,0,10,0,22.2222222222222,0,0.222222222222222,0,NA,NA
Number of authors,11+,3,Causal,Conflating task,0,0,0,NA,NA,NA,NA,NA,NA,NA
% Saudi authors,>=50%,1,Descriptive,Random error,37,8,24,21.6216216216216,64.8648648648649,0.297297297297297,0.648648648648649,0.297297297297297,3,37.5
% Saudi authors,>=50%,1,Descriptive,Selection bias,55,38,0,69.0909090909091,0,0.690909090909091,0,0.690909090909091,20,52.6315789473684
% Saudi authors,>=50%,1,Descriptive,Measurement bias,55,55,0,100,0,1.83636363636364,0,1.57272727272727,17,30.9090909090909
% Saudi authors,>=50%,1,Descriptive,Confounding bias,0,0,0,NA,NA,NA,NA,NA,NA,NA
% Saudi authors,>=50%,1,Descriptive,Missing data,55,9,15,16.3636363636364,27.2727272727273,0.163636363636364,0.272727272727273,0.163636363636364,1,11.1111111111111
% Saudi authors,>=50%,1,Descriptive,Mentioning errors,55,0,22,0,40,0,0.4,0,NA,NA
% Saudi authors,>=50%,1,Descriptive,Conflating task,55,34,0,61.8181818181818,0,0.618181818181818,0,0.618181818181818,NA,NA
% Saudi authors,>=50%,1,Causal,Random error,118,45,57,38.135593220339,48.3050847457627,0.440677966101695,0.483050847457627,0.440677966101695,6,13.3333333333333
% Saudi authors,>=50%,1,Causal,Selection bias,145,115,128,79.3103448275862,88.2758620689655,0.83448275862069,0.979310344827586,0.83448275862069,37,32.1739130434783
% Saudi authors,>=50%,1,Causal,Measurement bias,145,145,0,100,0,4.36551724137931,0,3.96896551724138,61,42.0689655172414
% Saudi authors,>=50%,1,Causal,Confounding bias,145,129,0,88.9655172413793,0,0.889655172413793,0,0.71494253862069,29,22.4806201550388
% Saudi authors,>=50%,1,Causal,Missing data,145,22,52,15.1724137931034,35.8620689655172,0.213793103448276,0.517241379310345,0.201724137931034,0,0
% Saudi authors,>=50%,1,Causal,Mentioning errors,145,0,43,0,29.6551724137931,0,0.296551724137931,0,NA,NA
% Saudi authors,>=50%,1,Causal,Conflating task,0,0,0,NA,NA,NA,NA,NA,NA,NA
% Saudi authors,<50%,2,Descriptive,Random error,18,6,11,33.3333333333333,61.1111111111111,0.333333333333333,0.611111111111111,0.333333333333333,1,16.6666666666667
% Saudi authors,<50%,2,Descriptive,Selection bias,26,17,0,65.3846153846154,0,0.653846153846154,0,0.653846153846154,7,41.1764705882353
% Saudi authors,<50%,2,Descriptive,Measurement bias,26,25,0,96.1538461538462,0,1.53846153846154,0,1.36538461538462,10,40
% Saudi authors,<50%,2,Descriptive,Confounding bias,0,0,0,NA,NA,NA,NA,NA,NA,NA
% Saudi authors,<50%,2,Descriptive,Missing data,26,2,10,7.69230769230769,38.4615384615385,0.0769230769230769,0.384615384615385,0.0769230769230769,1,50
% Saudi authors,<50%,2,Descriptive,Mentioning errors,26,0,11,0,42.3076923076923,0,0.423076923076923,0,NA,NA
% Saudi authors,<50%,2,Descriptive,Conflating task,26,18,0,69.2307692307692,0,0.692307692307692,0,0.692307692307692,NA,NA
% Saudi authors,<50%,2,Causal,Random error,72,15,51,20.8333333333333,70.8333333333333,0.208333333333333,0.708333333333333,0.208333333333333,2,13.3333333333333
% Saudi authors,<50%,2,Causal,Selection bias,84,68,72,80.9523809523809,85.7142857142857,0.821428571428571,1.07142857142857,0.821428571428571,20,29.4117647058824
% Saudi authors,<50%,2,Causal,Measurement bias,84,84,0,100,0,3.85714285714286,0,3.51190476190476,41,48.8095238095238
% Saudi authors,<50%,2,Causal,Confounding bias,84,72,0,85.7142857142857,0,0.857142857142857,0,0.64682540952381,19,26.3888888888889
% Saudi authors,<50%,2,Causal,Missing data,84,30,31,35.7142857142857,36.9047619047619,0.488095238095238,0.511904761904762,0.479166666666667,6,20
% Saudi authors,<50%,2,Causal,Mentioning errors,84,0,22,0,26.1904761904762,0,0.261904761904762,0,NA,NA
% Saudi authors,<50%,2,Causal,Conflating task,0,0,0,NA,NA,NA,NA,NA,NA,NA
Corresponding author,Saudi,1,Descriptive,Random error,40,10,25,25,62.5,0.325,0.625,0.325,4,40
Corresponding author,Saudi,1,Descriptive,Selection bias,58,40,0,68.9655172413793,0,0.689655172413793,0,0.689655172413793,19,47.5
Corresponding author,Saudi,1,Descriptive,Measurement bias,58,57,0,98.2758620689655,0,1.77586206896552,0,1.51724137931034,16,28.0701754385965
Corresponding author,Saudi,1,Descriptive,Confounding bias,0,0,0,NA,NA,NA,NA,NA,NA,NA
Corresponding author,Saudi,1,Descriptive,Missing data,58,8,18,13.7931034482759,31.0344827586207,0.137931034482759,0.310344827586207,0.137931034482759,0,0
Corresponding author,Saudi,1,Descriptive,Mentioning errors,58,0,25,0,43.1034482758621,0,0.431034482758621,0,NA,NA
Corresponding author,Saudi,1,Descriptive,Conflating task,58,37,0,63.7931034482759,0,0.637931034482759,0,0.637931034482759,NA,NA
Corresponding author,Saudi,1,Causal,Random error,117,43,59,36.7521367521367,50.4273504273504,0.427350427350427,0.504273504273504,0.427350427350427,7,16.2790697674419
Corresponding author,Saudi,1,Causal,Selection bias,146,115,129,78.7671232876712,88.3561643835616,0.821917808219178,0.979452054794521,0.821917808219178,34,29.5652173913043
Corresponding author,Saudi,1,Causal,Measurement bias,146,146,0,100,0,4.27397260273973,0,3.88698630136986,59,40.4109589041096
Corresponding author,Saudi,1,Causal,Confounding bias,146,130,0,89.041095890411,0,0.89041095890411,0,0.712328778082192,33,25.3846153846154
Corresponding author,Saudi,1,Causal,Missing data,146,22,52,15.0684931506849,35.6164383561644,0.226027397260274,0.5,0.214041095890411,1,4.54545454545455
Corresponding author,Saudi,1,Causal,Mentioning errors,146,0,44,0,30.1369863013699,0,0.301369863013699,0,NA,NA
Corresponding author,Saudi,1,Causal,Conflating task,0,0,0,NA,NA,NA,NA,NA,NA,NA
Corresponding author,Non-Saudi,2,Descriptive,Random error,15,4,10,26.6666666666667,66.6666666666667,0.266666666666667,0.666666666666667,0.266666666666667,0,0
Corresponding author,Non-Saudi,2,Descriptive,Selection bias,23,15,0,65.2173913043478,0,0.652173913043478,0,0.652173913043478,8,53.3333333333333
Corresponding author,Non-Saudi,2,Descriptive,Measurement bias,23,23,0,100,0,1.65217391304348,0,1.47826086956522,11,47.8260869565217
Corresponding author,Non-Saudi,2,Descriptive,Confounding bias,0,0,0,NA,NA,NA,NA,NA,NA,NA
Corresponding author,Non-Saudi,2,Descriptive,Missing data,23,3,7,13.0434782608696,30.4347826086957,0.130434782608696,0.304347826086957,0.130434782608696,2,66.6666666666667
Corresponding author,Non-Saudi,2,Descriptive,Mentioning errors,23,0,8,0,34.7826086956522,0,0.347826086956522,0,NA,NA
Corresponding author,Non-Saudi,2,Descriptive,Conflating task,23,15,0,65.2173913043478,0,0.652173913043478,0,0.652173913043478,NA,NA
Corresponding author,Non-Saudi,2,Causal,Random error,73,17,49,23.2876712328767,67.1232876712329,0.232876712328767,0.671232876712329,0.232876712328767,1,5.88235294117647
Corresponding author,Non-Saudi,2,Causal,Selection bias,83,68,71,81.9277108433735,85.5421686746988,0.843373493975904,1.07228915662651,0.843373493975904,23,33.8235294117647
Corresponding author,Non-Saudi,2,Causal,Measurement bias,83,83,0,100,0,4.01204819277108,0,3.65060240963855,43,51.8072289156626
Corresponding author,Non-Saudi,2,Causal,Confounding bias,83,71,0,85.5421686746988,0,0.855421686746988,0,0.650602420481928,15,21.1267605633803
Corresponding author,Non-Saudi,2,Causal,Missing data,83,30,31,36.144578313253,37.3493975903614,0.469879518072289,0.542168674698795,0.460843373493976,5,16.6666666666667
Corresponding author,Non-Saudi,2,Causal,Mentioning errors,83,0,21,0,25.3012048192771,0,0.253012048192771,0,NA,NA
Corresponding author,Non-Saudi,2,Causal,Conflating task,0,0,0,NA,NA,NA,NA,NA,NA,NA
First author,Saudi,1,Descriptive,Random error,41,9,27,21.9512195121951,65.8536585365854,0.292682926829268,0.658536585365854,0.292682926829268,3,33.3333333333333
First author,Saudi,1,Descriptive,Selection bias,59,41,0,69.4915254237288,0,0.694915254237288,0,0.694915254237288,20,48.780487804878
First author,Saudi,1,Descriptive,Measurement bias,59,59,0,100,0,1.8135593220339,0,1.55084745762712,18,30.5084745762712
First author,Saudi,1,Descriptive,Confounding bias,0,0,0,NA,NA,NA,NA,NA,NA,NA
First author,Saudi,1,Descriptive,Missing data,59,8,17,13.5593220338983,28.8135593220339,0.135593220338983,0.288135593220339,0.135593220338983,0,0
First author,Saudi,1,Descriptive,Mentioning errors,59,0,25,0,42.3728813559322,0,0.423728813559322,0,NA,NA
First author,Saudi,1,Descriptive,Conflating task,59,37,0,62.7118644067797,0,0.627118644067797,0,0.627118644067797,NA,NA
First author,Saudi,1,Causal,Random error,121,43,63,35.5371900826446,52.0661157024793,0.413223140495868,0.520661157024793,0.413223140495868,7,16.2790697674419
First author,Saudi,1,Causal,Selection bias,152,119,134,78.2894736842105,88.1578947368421,0.822368421052632,0.973684210526316,0.822368421052632,35,29.4117647058824
First author,Saudi,1,Causal,Measurement bias,152,152,0,100,0,4.30921052631579,0,3.92434210526316,64,42.1052631578947
First author,Saudi,1,Causal,Confounding bias,152,135,0,88.8157894736842,0,0.888157894736842,0,0.712719308552632,33,24.4444444444444
First author,Saudi,1,Causal,Missing data,152,27,56,17.7631578947368,36.8421052631579,0.25,0.519736842105263,0.238486842105263,1,3.7037037037037
First author,Saudi,1,Causal,Mentioning errors,152,0,44,0,28.9473684210526,0,0.289473684210526,0,NA,NA
First author,Saudi,1,Causal,Conflating task,0,0,0,NA,NA,NA,NA,NA,NA,NA
First author,Non-Saudi,2,Descriptive,Random error,14,5,8,35.7142857142857,57.1428571428571,0.357142857142857,0.571428571428571,0.357142857142857,1,20
First author,Non-Saudi,2,Descriptive,Selection bias,22,14,0,63.6363636363636,0,0.636363636363636,0,0.636363636363636,7,50
First author,Non-Saudi,2,Descriptive,Measurement bias,22,21,0,95.4545454545455,0,1.54545454545455,0,1.38636363636364,9,42.8571428571429
First author,Non-Saudi,2,Descriptive,Confounding bias,0,0,0,NA,NA,NA,NA,NA,NA,NA
First author,Non-Saudi,2,Descriptive,Missing data,22,3,8,13.6363636363636,36.3636363636364,0.136363636363636,0.363636363636364,0.136363636363636,2,66.6666666666667
First author,Non-Saudi,2,Descriptive,Mentioning errors,22,0,8,0,36.3636363636364,0,0.363636363636364,0,NA,NA
First author,Non-Saudi,2,Descriptive,Conflating task,22,15,0,68.1818181818182,0,0.681818181818182,0,0.681818181818182,NA,NA
First author,Non-Saudi,2,Causal,Random error,69,17,45,24.6376811594203,65.2173913043478,0.246376811594203,0.652173913043478,0.246376811594203,1,5.88235294117647
First author,Non-Saudi,2,Causal,Selection bias,77,64,66,83.1168831168831,85.7142857142857,0.844155844155844,1.09090909090909,0.844155844155844,22,34.375
First author,Non-Saudi,2,Causal,Measurement bias,77,77,0,100,0,3.92207792207792,0,3.55844155844156,38,49.3506493506493
First author,Non-Saudi,2,Causal,Confounding bias,77,66,0,85.7142857142857,0,0.857142857142857,0,0.645021657142857,15,22.7272727272727
First author,Non-Saudi,2,Causal,Missing data,77,25,27,32.4675324675325,35.0649350649351,0.441558441558442,0.506493506493506,0.431818181818182,5,20
First author,Non-Saudi,2,Causal,Mentioning errors,77,0,21,0,27.2727272727273,0,0.272727272727273,0,NA,NA
First author,Non-Saudi,2,Causal,Conflating task,0,0,0,NA,NA,NA,NA,NA,NA,NA
Last author,Saudi,1,Descriptive,Random error,35,8,22,22.8571428571429,62.8571428571429,0.314285714285714,0.628571428571429,0.314285714285714,4,50
Last author,Saudi,1,Descriptive,Selection bias,51,35,0,68.6274509803922,0,0.686274509803922,0,0.686274509803922,19,54.2857142857143
Last author,Saudi,1,Descriptive,Measurement bias,51,50,0,98.0392156862745,0,1.80392156862745,0,1.53921568627451,15,30
Last author,Saudi,1,Descriptive,Confounding bias,0,0,0,NA,NA,NA,NA,NA,NA,NA
Last author,Saudi,1,Descriptive,Missing data,51,7,16,13.7254901960784,31.3725490196078,0.137254901960784,0.313725490196078,0.137254901960784,0,0
Last author,Saudi,1,Descriptive,Mentioning errors,51,0,19,0,37.2549019607843,0,0.372549019607843,0,NA,NA
Last author,Saudi,1,Descriptive,Conflating task,51,31,0,60.7843137254902,0,0.607843137254902,0,0.607843137254902,NA,NA
Last author,Saudi,1,Causal,Random error,109,41,57,37.6146788990826,52.2935779816514,0.431192660550459,0.522935779816514,0.431192660550459,5,12.1951219512195
Last author,Saudi,1,Causal,Selection bias,133,107,119,80.4511278195489,89.4736842105263,0.819548872180451,0.984962406015038,0.819548872180451,35,32.7102803738318
Last author,Saudi,1,Causal,Measurement bias,133,133,0,100,0,4.30075187969925,0,3.91729323308271,53,39.8496240601504
Last author,Saudi,1,Causal,Confounding bias,133,122,0,91.7293233082707,0,0.917293233082707,0,0.744360913533835,28,22.9508196721311
Last author,Saudi,1,Causal,Missing data,133,17,47,12.781954887218,35.3383458646617,0.18796992481203,0.533834586466165,0.178571428571429,0,0
Last author,Saudi,1,Causal,Mentioning errors,133,0,40,0,30.0751879699248,0,0.300751879699248,0,NA,NA
Last author,Saudi,1,Causal,Conflating task,0,0,0,NA,NA,NA,NA,NA,NA,NA
Last author,Non-Saudi,2,Descriptive,Random error,20,6,13,30,65,0.3,0.65,0.3,0,0
Last author,Non-Saudi,2,Descriptive,Selection bias,30,20,0,66.6666666666667,0,0.666666666666667,0,0.666666666666667,8,40
Last author,Non-Saudi,2,Descriptive,Measurement bias,30,30,0,100,0,1.63333333333333,0,1.45,12,40
Last author,Non-Saudi,2,Descriptive,Confounding bias,0,0,0,NA,NA,NA,NA,NA,NA,NA
Last author,Non-Saudi,2,Descriptive,Missing data,30,4,9,13.3333333333333,30,0.133333333333333,0.3,0.133333333333333,2,50
Last author,Non-Saudi,2,Descriptive,Mentioning errors,30,0,14,0,46.6666666666667,0,0.466666666666667,0,NA,NA
Last author,Non-Saudi,2,Descriptive,Conflating task,30,21,0,70,0,0.7,0,0.7,NA,NA
Last author,Non-Saudi,2,Causal,Random error,81,19,51,23.4567901234568,62.962962962963,0.246913580246914,0.62962962962963,0.246913580246914,3,15.7894736842105
Last author,Non-Saudi,2,Causal,Selection bias,96,76,81,79.1666666666667,84.375,0.84375,1.05208333333333,0.84375,22,28.9473684210526
Last author,Non-Saudi,2,Causal,Measurement bias,96,96,0,100,0,4.01041666666667,0,3.640625,49,51.0416666666667
Last author,Non-Saudi,2,Causal,Confounding bias,96,79,0,82.2916666666667,0,0.822916666666667,0,0.61458334375,20,25.3164556962025
Last author,Non-Saudi,2,Causal,Missing data,96,35,36,36.4583333333333,37.5,0.489583333333333,0.489583333333333,0.4765625,6,17.1428571428571
Last author,Non-Saudi,2,Causal,Mentioning errors,96,0,25,0,26.0416666666667,0,0.260416666666667,0,NA,NA
Last author,Non-Saudi,2,Causal,Conflating task,0,0,0,NA,NA,NA,NA,NA,NA,NA
Sector composition,Academic-only,1,Descriptive,Random error,42,11,25,26.1904761904762,59.5238095238095,0.30952380952381,0.595238095238095,0.30952380952381,3,27.2727272727273
Sector composition,Academic-only,1,Descriptive,Selection bias,51,40,0,78.4313725490196,0,0.784313725490196,0,0.784313725490196,16,40
Sector composition,Academic-only,1,Descriptive,Measurement bias,51,50,0,98.0392156862745,0,1.80392156862745,0,1.53921568627451,16,32
Sector composition,Academic-only,1,Descriptive,Confounding bias,0,0,0,NA,NA,NA,NA,NA,NA,NA
Sector composition,Academic-only,1,Descriptive,Missing data,51,5,16,9.80392156862745,31.3725490196078,0.0980392156862745,0.313725490196078,0.0980392156862745,0,0
Sector composition,Academic-only,1,Descriptive,Mentioning errors,51,0,22,0,43.1372549019608,0,0.431372549019608,0,NA,NA
Sector composition,Academic-only,1,Descriptive,Conflating task,51,36,0,70.5882352941177,0,0.705882352941177,0,0.705882352941177,NA,NA
Sector composition,Academic-only,1,Causal,Random error,142,47,79,33.0985915492958,55.6338028169014,0.380281690140845,0.556338028169014,0.380281690140845,5,10.6382978723404
Sector composition,Academic-only,1,Causal,Selection bias,156,135,142,86.5384615384615,91.025641025641,0.897435897435897,1.05769230769231,0.897435897435897,40,29.6296296296296
Sector composition,Academic-only,1,Causal,Measurement bias,156,156,0,100,0,4.27564102564103,0,3.84294871794872,75,48.0769230769231
Sector composition,Academic-only,1,Causal,Confounding bias,156,132,0,84.6153846153846,0,0.846153846153846,0,0.651709411538462,27,20.4545454545455
Sector composition,Academic-only,1,Causal,Missing data,156,38,61,24.3589743589744,39.1025641025641,0.333333333333333,0.564102564102564,0.325320512820513,4,10.5263157894737
Sector composition,Academic-only,1,Causal,Mentioning errors,156,0,48,0,30.7692307692308,0,0.307692307692308,0,NA,NA
Sector composition,Academic-only,1,Causal,Conflating task,0,0,0,NA,NA,NA,NA,NA,NA,NA
Sector composition,Health-system,2,Descriptive,Random error,13,3,10,23.0769230769231,76.9230769230769,0.307692307692308,0.769230769230769,0.307692307692308,1,33.3333333333333
Sector composition,Health-system,2,Descriptive,Selection bias,30,15,0,50,0,0.5,0,0.5,11,73.3333333333333
Sector composition,Health-system,2,Descriptive,Measurement bias,30,30,0,100,0,1.63333333333333,0,1.45,11,36.6666666666667
Sector composition,Health-system,2,Descriptive,Confounding bias,0,0,0,NA,NA,NA,NA,NA,NA,NA
Sector composition,Health-system,2,Descriptive,Missing data,30,6,9,20,30,0.2,0.3,0.2,2,33.3333333333333
Sector composition,Health-system,2,Descriptive,Mentioning errors,30,0,11,0,36.6666666666667,0,0.366666666666667,0,NA,NA
Sector composition,Health-system,2,Descriptive,Conflating task,30,16,0,53.3333333333333,0,0.533333333333333,0,0.533333333333333,NA,NA
Sector composition,Health-system,2,Causal,Random error,48,13,29,27.0833333333333,60.4166666666667,0.270833333333333,0.604166666666667,0.270833333333333,3,23.0769230769231
Sector composition,Health-system,2,Causal,Selection bias,73,48,58,65.7534246575343,79.4520547945205,0.684931506849315,0.917808219178082,0.684931506849315,17,35.4166666666667
Sector composition,Health-system,2,Causal,Measurement bias,73,73,0,100,0,3.97260273972603,0,3.71232876712329,27,36.986301369863
Sector composition,Health-system,2,Causal,Confounding bias,73,69,0,94.5205479452055,0,0.945205479452055,0,0.771689510958904,21,30.4347826086957
Sector composition,Health-system,2,Causal,Missing data,73,14,22,19.1780821917808,30.1369863013699,0.273972602739726,0.410958904109589,0.256849315068493,2,14.2857142857143
Sector composition,Health-system,2,Causal,Mentioning errors,73,0,17,0,23.2876712328767,0,0.232876712328767,0,NA,NA
Sector composition,Health-system,2,Causal,Conflating task,0,0,0,NA,NA,NA,NA,NA,NA,NA
Single vs multi-sector,Single-sector,1,Descriptive,Random error,40,10,25,25,62.5,0.3,0.625,0.3,3,30
Single vs multi-sector,Single-sector,1,Descriptive,Selection bias,61,40,0,65.5737704918033,0,0.655737704918033,0,0.655737704918033,16,40
Single vs multi-sector,Single-sector,1,Descriptive,Measurement bias,61,60,0,98.3606557377049,0,1.73770491803279,0,1.52459016393443,19,31.6666666666667
Single vs multi-sector,Single-sector,1,Descriptive,Confounding bias,0,0,0,NA,NA,NA,NA,NA,NA,NA
Single vs multi-sector,Single-sector,1,Descriptive,Missing data,61,7,17,11.4754098360656,27.8688524590164,0.114754098360656,0.278688524590164,0.114754098360656,2,28.5714285714286
Single vs multi-sector,Single-sector,1,Descriptive,Mentioning errors,61,0,26,0,42.6229508196721,0,0.426229508196721,0,NA,NA
Single vs multi-sector,Single-sector,1,Descriptive,Conflating task,61,37,0,60.655737704918,0,0.60655737704918,0,0.60655737704918,NA,NA
Single vs multi-sector,Single-sector,1,Causal,Random error,156,50,89,32.0512820512821,57.0512820512821,0.365384615384615,0.57051282051282,0.365384615384615,5,10
Single vs multi-sector,Single-sector,1,Causal,Selection bias,178,151,160,84.8314606741573,89.8876404494382,0.876404494382023,1.06741573033708,0.876404494382023,44,29.1390728476821
Single vs multi-sector,Single-sector,1,Causal,Measurement bias,178,178,0,100,0,4.19662921348315,0,3.79494382022472,82,46.0674157303371
Single vs multi-sector,Single-sector,1,Causal,Confounding bias,178,151,0,84.8314606741573,0,0.848314606741573,0,0.657303380898876,32,21.1920529801325
Single vs multi-sector,Single-sector,1,Causal,Missing data,178,45,67,25.2808988764045,37.6404494382022,0.348314606741573,0.544943820224719,0.337078651685393,6,13.3333333333333
Single vs multi-sector,Single-sector,1,Causal,Mentioning errors,178,0,52,0,29.2134831460674,0,0.292134831460674,0,NA,NA
Single vs multi-sector,Single-sector,1,Causal,Conflating task,0,0,0,NA,NA,NA,NA,NA,NA,NA
Single vs multi-sector,Multi-sector,2,Descriptive,Random error,15,4,10,26.6666666666667,66.6666666666667,0.333333333333333,0.666666666666667,0.333333333333333,1,25
Single vs multi-sector,Multi-sector,2,Descriptive,Selection bias,20,15,0,75,0,0.75,0,0.75,11,73.3333333333333
Single vs multi-sector,Multi-sector,2,Descriptive,Measurement bias,20,20,0,100,0,1.75,0,1.45,8,40
Single vs multi-sector,Multi-sector,2,Descriptive,Confounding bias,0,0,0,NA,NA,NA,NA,NA,NA,NA
Single vs multi-sector,Multi-sector,2,Descriptive,Missing data,20,4,8,20,40,0.2,0.4,0.2,0,0
Single vs multi-sector,Multi-sector,2,Descriptive,Mentioning errors,20,0,7,0,35,0,0.35,0,NA,NA
Single vs multi-sector,Multi-sector,2,Descriptive,Conflating task,20,15,0,75,0,0.75,0,0.75,NA,NA
Single vs multi-sector,Multi-sector,2,Causal,Random error,34,10,19,29.4117647058824,55.8823529411765,0.294117647058824,0.558823529411765,0.294117647058824,3,30
Single vs multi-sector,Multi-sector,2,Causal,Selection bias,51,32,40,62.7450980392157,78.4313725490196,0.666666666666667,0.823529411764706,0.666666666666667,13,40.625
Single vs multi-sector,Multi-sector,2,Causal,Measurement bias,51,51,0,100,0,4.11764705882353,0,3.82352941176471,20,39.2156862745098
Single vs multi-sector,Multi-sector,2,Causal,Confounding bias,51,50,0,98.0392156862745,0,0.980392156862745,0,0.803921582352941,16,32
Single vs multi-sector,Multi-sector,2,Causal,Missing data,51,7,16,13.7254901960784,31.3725490196078,0.196078431372549,0.411764705882353,0.186274509803922,0,0
Single vs multi-sector,Multi-sector,2,Causal,Mentioning errors,51,0,13,0,25.4901960784314,0,0.254901960784314,0,NA,NA
Single vs multi-sector,Multi-sector,2,Causal,Conflating task,0,0,0,NA,NA,NA,NA,NA,NA,NA
JCR 2022 quartile,Q1,1,Descriptive,Random error,7,2,4,28.5714285714286,57.1428571428571,0.285714285714286,0.571428571428571,0.285714285714286,0,0
JCR 2022 quartile,Q1,1,Descriptive,Selection bias,17,8,0,47.0588235294118,0,0.470588235294118,0,0.470588235294118,4,50
JCR 2022 quartile,Q1,1,Descriptive,Measurement bias,17,17,0,100,0,1.64705882352941,0,1.44117647058824,6,35.2941176470588
JCR 2022 quartile,Q1,1,Descriptive,Confounding bias,0,0,0,NA,NA,NA,NA,NA,NA,NA
JCR 2022 quartile,Q1,1,Descriptive,Missing data,17,1,8,5.88235294117647,47.0588235294118,0.0588235294117647,0.470588235294118,0.0588235294117647,1,100
JCR 2022 quartile,Q1,1,Descriptive,Mentioning errors,17,0,8,0,47.0588235294118,0,0.470588235294118,0,NA,NA
JCR 2022 quartile,Q1,1,Descriptive,Conflating task,17,11,0,64.7058823529412,0,0.647058823529412,0,0.647058823529412,NA,NA
JCR 2022 quartile,Q1,1,Causal,Random error,38,10,23,26.3157894736842,60.5263157894737,0.315789473684211,0.605263157894737,0.315789473684211,1,10
JCR 2022 quartile,Q1,1,Causal,Selection bias,47,41,43,87.2340425531915,91.4893617021277,0.872340425531915,1.08510638297872,0.872340425531915,15,36.5853658536585
JCR 2022 quartile,Q1,1,Causal,Measurement bias,47,47,0,100,0,4.46808510638298,0,4.04255319148936,28,59.5744680851064
JCR 2022 quartile,Q1,1,Causal,Confounding bias,47,43,0,91.4893617021277,0,0.914893617021277,0,0.758865257446808,8,18.6046511627907
JCR 2022 quartile,Q1,1,Causal,Missing data,47,12,15,25.531914893617,31.9148936170213,0.404255319148936,0.425531914893617,0.404255319148936,0,0
JCR 2022 quartile,Q1,1,Causal,Mentioning errors,47,0,7,0,14.8936170212766,0,0.148936170212766,0,NA,NA
JCR 2022 quartile,Q1,1,Causal,Conflating task,0,0,0,NA,NA,NA,NA,NA,NA,NA
JCR 2022 quartile,Q2,2,Descriptive,Random error,7,2,3,28.5714285714286,42.8571428571429,0.285714285714286,0.428571428571429,0.285714285714286,1,50
JCR 2022 quartile,Q2,2,Descriptive,Selection bias,13,8,0,61.5384615384615,0,0.615384615384615,0,0.615384615384615,4,50
JCR 2022 quartile,Q2,2,Descriptive,Measurement bias,13,13,0,100,0,1.76923076923077,0,1.46153846153846,4,30.7692307692308
JCR 2022 quartile,Q2,2,Descriptive,Confounding bias,0,0,0,NA,NA,NA,NA,NA,NA,NA
JCR 2022 quartile,Q2,2,Descriptive,Missing data,13,0,2,0,15.3846153846154,0,0.153846153846154,0,NA,NA
JCR 2022 quartile,Q2,2,Descriptive,Mentioning errors,13,0,7,0,53.8461538461538,0,0.538461538461538,0,NA,NA
JCR 2022 quartile,Q2,2,Descriptive,Conflating task,13,9,0,69.2307692307692,0,0.692307692307692,0,0.692307692307692,NA,NA
JCR 2022 quartile,Q2,2,Causal,Random error,54,16,29,29.6296296296296,53.7037037037037,0.296296296296296,0.537037037037037,0.296296296296296,3,18.75
JCR 2022 quartile,Q2,2,Causal,Selection bias,67,48,55,71.6417910447761,82.089552238806,0.73134328358209,0.985074626865672,0.73134328358209,15,31.25
JCR 2022 quartile,Q2,2,Causal,Measurement bias,67,67,0,100,0,3.86567164179104,0,3.45522388059702,35,52.2388059701493
JCR 2022 quartile,Q2,2,Causal,Confounding bias,67,57,0,85.0746268656716,0,0.850746268656716,0,0.641791055223881,19,33.3333333333333
JCR 2022 quartile,Q2,2,Causal,Missing data,67,14,29,20.8955223880597,43.2835820895522,0.26865671641791,0.567164179104478,0.23134328358209,4,28.5714285714286
JCR 2022 quartile,Q2,2,Causal,Mentioning errors,67,0,18,0,26.865671641791,0,0.26865671641791,0,NA,NA
JCR 2022 quartile,Q2,2,Causal,Conflating task,0,0,0,NA,NA,NA,NA,NA,NA,NA
JCR 2022 quartile,Q3,3,Descriptive,Random error,15,4,10,26.6666666666667,66.6666666666667,0.466666666666667,0.666666666666667,0.466666666666667,1,25
JCR 2022 quartile,Q3,3,Descriptive,Selection bias,18,13,0,72.2222222222222,0,0.722222222222222,0,0.722222222222222,8,61.5384615384615
JCR 2022 quartile,Q3,3,Descriptive,Measurement bias,18,18,0,100,0,1.77777777777778,0,1.52777777777778,8,44.4444444444444
JCR 2022 quartile,Q3,3,Descriptive,Confounding bias,0,0,0,NA,NA,NA,NA,NA,NA,NA
JCR 2022 quartile,Q3,3,Descriptive,Missing data,18,3,6,16.6666666666667,33.3333333333333,0.166666666666667,0.333333333333333,0.166666666666667,0,0
JCR 2022 quartile,Q3,3,Descriptive,Mentioning errors,18,0,4,0,22.2222222222222,0,0.222222222222222,0,NA,NA
JCR 2022 quartile,Q3,3,Descriptive,Conflating task,18,12,0,66.6666666666667,0,0.666666666666667,0,0.666666666666667,NA,NA
JCR 2022 quartile,Q3,3,Causal,Random error,36,15,19,41.6666666666667,52.7777777777778,0.472222222222222,0.527777777777778,0.472222222222222,3,20
JCR 2022 quartile,Q3,3,Causal,Selection bias,45,32,37,71.1111111111111,82.2222222222222,0.711111111111111,0.933333333333333,0.711111111111111,11,34.375
JCR 2022 quartile,Q3,3,Causal,Measurement bias,45,45,0,100,0,4.15555555555556,0,3.81111111111111,15,33.3333333333333
JCR 2022 quartile,Q3,3,Causal,Confounding bias,45,38,0,84.4444444444444,0,0.844444444444444,0,0.659259271111111,10,26.3157894736842
JCR 2022 quartile,Q3,3,Causal,Missing data,45,11,15,24.4444444444444,33.3333333333333,0.311111111111111,0.488888888888889,0.311111111111111,2,18.1818181818182
JCR 2022 quartile,Q3,3,Causal,Mentioning errors,45,0,12,0,26.6666666666667,0,0.266666666666667,0,NA,NA
JCR 2022 quartile,Q3,3,Causal,Conflating task,0,0,0,NA,NA,NA,NA,NA,NA,NA
JCR 2022 quartile,Q4,4,Descriptive,Random error,13,1,10,7.69230769230769,76.9230769230769,0.0769230769230769,0.769230769230769,0.0769230769230769,1,100
JCR 2022 quartile,Q4,4,Descriptive,Selection bias,17,14,0,82.3529411764706,0,0.823529411764706,0,0.823529411764706,6,42.8571428571429
JCR 2022 quartile,Q4,4,Descriptive,Measurement bias,17,17,0,100,0,1.76470588235294,0,1.58823529411765,5,29.4117647058824
JCR 2022 quartile,Q4,4,Descriptive,Confounding bias,0,0,0,NA,NA,NA,NA,NA,NA,NA
JCR 2022 quartile,Q4,4,Descriptive,Missing data,17,5,3,29.4117647058824,17.6470588235294,0.294117647058824,0.176470588235294,0.294117647058824,1,20
JCR 2022 quartile,Q4,4,Descriptive,Mentioning errors,17,0,6,0,35.2941176470588,0,0.352941176470588,0,NA,NA
JCR 2022 quartile,Q4,4,Descriptive,Conflating task,17,10,0,58.8235294117647,0,0.588235294117647,0,0.588235294117647,NA,NA
JCR 2022 quartile,Q4,4,Causal,Random error,18,3,13,16.6666666666667,72.2222222222222,0.222222222222222,0.722222222222222,0.222222222222222,1,33.3333333333333
JCR 2022 quartile,Q4,4,Causal,Selection bias,20,18,20,90,100,1.1,1,1.1,5,27.7777777777778
JCR 2022 quartile,Q4,4,Causal,Measurement bias,20,20,0,100,0,3.75,0,3.5,5,25
JCR 2022 quartile,Q4,4,Causal,Confounding bias,20,20,0,100,0,1,0,0.766666675,4,20
JCR 2022 quartile,Q4,4,Causal,Missing data,20,5,8,25,40,0.35,0.65,0.35,0,0
JCR 2022 quartile,Q4,4,Causal,Mentioning errors,20,0,7,0,35,0,0.35,0,NA,NA
JCR 2022 quartile,Q4,4,Causal,Conflating task,0,0,0,NA,NA,NA,NA,NA,NA,NA
JCR 2022 quartile,None,5,Descriptive,Random error,13,5,8,38.4615384615385,61.5384615384615,0.384615384615385,0.615384615384615,0.384615384615385,1,20
JCR 2022 quartile,None,5,Descriptive,Selection bias,16,12,0,75,0,0.75,0,0.75,5,41.6666666666667
JCR 2022 quartile,None,5,Descriptive,Measurement bias,16,15,0,93.75,0,1.75,0,1.5,4,26.6666666666667
JCR 2022 quartile,None,5,Descriptive,Confounding bias,0,0,0,NA,NA,NA,NA,NA,NA,NA
JCR 2022 quartile,None,5,Descriptive,Missing data,16,2,6,12.5,37.5,0.125,0.375,0.125,0,0
JCR 2022 quartile,None,5,Descriptive,Mentioning errors,16,0,8,0,50,0,0.5,0,NA,NA
JCR 2022 quartile,None,5,Descriptive,Conflating task,16,10,0,62.5,0,0.625,0,0.625,NA,NA
JCR 2022 quartile,None,5,Causal,Random error,44,16,24,36.3636363636364,54.5454545454545,0.409090909090909,0.545454545454545,0.409090909090909,0,0
JCR 2022 quartile,None,5,Causal,Selection bias,50,44,45,88,90,0.92,1.06,0.92,11,25
JCR 2022 quartile,None,5,Causal,Measurement bias,50,50,0,100,0,4.52,0,4.15,19,38
JCR 2022 quartile,None,5,Causal,Confounding bias,50,43,0,86,0,0.86,0,0.68666668,7,16.2790697674419
JCR 2022 quartile,None,5,Causal,Missing data,50,10,16,20,32,0.28,0.5,0.28,0,0
JCR 2022 quartile,None,5,Causal,Mentioning errors,50,0,21,0,42,0,0.42,0,NA,NA
JCR 2022 quartile,None,5,Causal,Conflating task,0,0,0,NA,NA,NA,NA,NA,NA,NA
JCR Q1-2 vs Q3-4,Q1-Q2,1,Descriptive,Random error,14,4,7,28.5714285714286,50,0.285714285714286,0.5,0.285714285714286,1,25
JCR Q1-2 vs Q3-4,Q1-Q2,1,Descriptive,Selection bias,30,16,0,53.3333333333333,0,0.533333333333333,0,0.533333333333333,8,50
JCR Q1-2 vs Q3-4,Q1-Q2,1,Descriptive,Measurement bias,30,30,0,100,0,1.7,0,1.45,10,33.3333333333333
JCR Q1-2 vs Q3-4,Q1-Q2,1,Descriptive,Confounding bias,0,0,0,NA,NA,NA,NA,NA,NA,NA
JCR Q1-2 vs Q3-4,Q1-Q2,1,Descriptive,Missing data,30,1,10,3.33333333333333,33.3333333333333,0.0333333333333333,0.333333333333333,0.0333333333333333,1,100
JCR Q1-2 vs Q3-4,Q1-Q2,1,Descriptive,Mentioning errors,30,0,15,0,50,0,0.5,0,NA,NA
JCR Q1-2 vs Q3-4,Q1-Q2,1,Descriptive,Conflating task,30,20,0,66.6666666666667,0,0.666666666666667,0,0.666666666666667,NA,NA
JCR Q1-2 vs Q3-4,Q1-Q2,1,Causal,Random error,92,26,52,28.2608695652174,56.5217391304348,0.304347826086957,0.565217391304348,0.304347826086957,4,15.3846153846154
JCR Q1-2 vs Q3-4,Q1-Q2,1,Causal,Selection bias,114,89,98,78.0701754385965,85.9649122807018,0.789473684210526,1.02631578947368,0.789473684210526,30,33.7078651685393
JCR Q1-2 vs Q3-4,Q1-Q2,1,Causal,Measurement bias,114,114,0,100,0,4.1140350877193,0,3.69736842105263,63,55.2631578947368
JCR Q1-2 vs Q3-4,Q1-Q2,1,Causal,Confounding bias,114,100,0,87.719298245614,0,0.87719298245614,0,0.690058489473684,27,27
JCR Q1-2 vs Q3-4,Q1-Q2,1,Causal,Missing data,114,26,44,22.8070175438597,38.5964912280702,0.324561403508772,0.508771929824561,0.302631578947368,4,15.3846153846154
JCR Q1-2 vs Q3-4,Q1-Q2,1,Causal,Mentioning errors,114,0,25,0,21.9298245614035,0,0.219298245614035,0,NA,NA
JCR Q1-2 vs Q3-4,Q1-Q2,1,Causal,Conflating task,0,0,0,NA,NA,NA,NA,NA,NA,NA
JCR Q1-2 vs Q3-4,Q3-Q4,2,Descriptive,Random error,28,5,20,17.8571428571429,71.4285714285714,0.285714285714286,0.714285714285714,0.285714285714286,2,40
JCR Q1-2 vs Q3-4,Q3-Q4,2,Descriptive,Selection bias,35,27,0,77.1428571428571,0,0.771428571428571,0,0.771428571428571,14,51.8518518518519
JCR Q1-2 vs Q3-4,Q3-Q4,2,Descriptive,Measurement bias,35,35,0,100,0,1.77142857142857,0,1.55714285714286,13,37.1428571428571
JCR Q1-2 vs Q3-4,Q3-Q4,2,Descriptive,Confounding bias,0,0,0,NA,NA,NA,NA,NA,NA,NA
JCR Q1-2 vs Q3-4,Q3-Q4,2,Descriptive,Missing data,35,8,9,22.8571428571429,25.7142857142857,0.228571428571429,0.257142857142857,0.228571428571429,1,12.5
JCR Q1-2 vs Q3-4,Q3-Q4,2,Descriptive,Mentioning errors,35,0,10,0,28.5714285714286,0,0.285714285714286,0,NA,NA
JCR Q1-2 vs Q3-4,Q3-Q4,2,Descriptive,Conflating task,35,22,0,62.8571428571429,0,0.628571428571429,0,0.628571428571429,NA,NA
JCR Q1-2 vs Q3-4,Q3-Q4,2,Causal,Random error,54,18,32,33.3333333333333,59.2592592592593,0.388888888888889,0.592592592592593,0.388888888888889,4,22.2222222222222
JCR Q1-2 vs Q3-4,Q3-Q4,2,Causal,Selection bias,65,50,57,76.9230769230769,87.6923076923077,0.830769230769231,0.953846153846154,0.830769230769231,16,32
JCR Q1-2 vs Q3-4,Q3-Q4,2,Causal,Measurement bias,65,65,0,100,0,4.03076923076923,0,3.71538461538462,20,30.7692307692308
JCR Q1-2 vs Q3-4,Q3-Q4,2,Causal,Confounding bias,65,58,0,89.2307692307692,0,0.892307692307692,0,0.692307703076923,14,24.1379310344828
JCR Q1-2 vs Q3-4,Q3-Q4,2,Causal,Missing data,65,16,23,24.6153846153846,35.3846153846154,0.323076923076923,0.538461538461538,0.323076923076923,2,12.5
JCR Q1-2 vs Q3-4,Q3-Q4,2,Causal,Mentioning errors,65,0,19,0,29.2307692307692,0,0.292307692307692,0,NA,NA
JCR Q1-2 vs Q3-4,Q3-Q4,2,Causal,Conflating task,0,0,0,NA,NA,NA,NA,NA,NA,NA
JCR Q1-2 vs Q3-4,None,3,Descriptive,Random error,13,5,8,38.4615384615385,61.5384615384615,0.384615384615385,0.615384615384615,0.384615384615385,1,20
JCR Q1-2 vs Q3-4,None,3,Descriptive,Selection bias,16,12,0,75,0,0.75,0,0.75,5,41.6666666666667
JCR Q1-2 vs Q3-4,None,3,Descriptive,Measurement bias,16,15,0,93.75,0,1.75,0,1.5,4,26.6666666666667
JCR Q1-2 vs Q3-4,None,3,Descriptive,Confounding bias,0,0,0,NA,NA,NA,NA,NA,NA,NA
JCR Q1-2 vs Q3-4,None,3,Descriptive,Missing data,16,2,6,12.5,37.5,0.125,0.375,0.125,0,0
JCR Q1-2 vs Q3-4,None,3,Descriptive,Mentioning errors,16,0,8,0,50,0,0.5,0,NA,NA
JCR Q1-2 vs Q3-4,None,3,Descriptive,Conflating task,16,10,0,62.5,0,0.625,0,0.625,NA,NA
JCR Q1-2 vs Q3-4,None,3,Causal,Random error,44,16,24,36.3636363636364,54.5454545454545,0.409090909090909,0.545454545454545,0.409090909090909,0,0
JCR Q1-2 vs Q3-4,None,3,Causal,Selection bias,50,44,45,88,90,0.92,1.06,0.92,11,25
JCR Q1-2 vs Q3-4,None,3,Causal,Measurement bias,50,50,0,100,0,4.52,0,4.15,19,38
JCR Q1-2 vs Q3-4,None,3,Causal,Confounding bias,50,43,0,86,0,0.86,0,0.68666668,7,16.2790697674419
JCR Q1-2 vs Q3-4,None,3,Causal,Missing data,50,10,16,20,32,0.28,0.5,0.28,0,0
JCR Q1-2 vs Q3-4,None,3,Causal,Mentioning errors,50,0,21,0,42,0,0.42,0,NA,NA
JCR Q1-2 vs Q3-4,None,3,Causal,Conflating task,0,0,0,NA,NA,NA,NA,NA,NA,NA
Funding,Funded,1,Descriptive,Random error,24,7,16,29.1666666666667,66.6666666666667,0.375,0.666666666666667,0.375,2,28.5714285714286
Funding,Funded,1,Descriptive,Selection bias,31,23,0,74.1935483870968,0,0.741935483870968,0,0.741935483870968,10,43.4782608695652
Funding,Funded,1,Descriptive,Measurement bias,31,31,0,100,0,1.74193548387097,0,1.48387096774194,12,38.7096774193548
Funding,Funded,1,Descriptive,Confounding bias,0,0,0,NA,NA,NA,NA,NA,NA,NA
Funding,Funded,1,Descriptive,Missing data,31,5,12,16.1290322580645,38.7096774193548,0.161290322580645,0.387096774193548,0.161290322580645,1,20
Funding,Funded,1,Descriptive,Mentioning errors,31,0,14,0,45.1612903225806,0,0.451612903225806,0,NA,NA
Funding,Funded,1,Descriptive,Conflating task,31,21,0,67.741935483871,0,0.67741935483871,0,0.67741935483871,NA,NA
Funding,Funded,1,Causal,Random error,96,20,62,20.8333333333333,64.5833333333333,0.239583333333333,0.645833333333333,0.239583333333333,1,5
Funding,Funded,1,Causal,Selection bias,111,94,97,84.6846846846847,87.3873873873874,0.90990990990991,1.00900900900901,0.90990990990991,31,32.9787234042553
Funding,Funded,1,Causal,Measurement bias,111,111,0,100,0,4.18918918918919,0,3.77477477477477,56,50.4504504504505
Funding,Funded,1,Causal,Confounding bias,111,97,0,87.3873873873874,0,0.873873873873874,0,0.681681693693694,23,23.7113402061856
Funding,Funded,1,Causal,Missing data,111,31,39,27.9279279279279,35.1351351351351,0.36036036036036,0.522522522522523,0.349099099099099,6,19.3548387096774
Funding,Funded,1,Causal,Mentioning errors,111,0,30,0,27.027027027027,0,0.27027027027027,0,NA,NA
Funding,Funded,1,Causal,Conflating task,0,0,0,NA,NA,NA,NA,NA,NA,NA
Funding,Declared none,2,Descriptive,Random error,19,5,11,26.3157894736842,57.8947368421053,0.315789473684211,0.578947368421053,0.315789473684211,0,0
Funding,Declared none,2,Descriptive,Selection bias,29,20,0,68.9655172413793,0,0.689655172413793,0,0.689655172413793,11,55
Funding,Declared none,2,Descriptive,Measurement bias,29,29,0,100,0,1.82758620689655,0,1.55172413793103,7,24.1379310344828
Funding,Declared none,2,Descriptive,Confounding bias,0,0,0,NA,NA,NA,NA,NA,NA,NA
Funding,Declared none,2,Descriptive,Missing data,29,5,6,17.2413793103448,20.6896551724138,0.172413793103448,0.206896551724138,0.172413793103448,1,20
Funding,Declared none,2,Descriptive,Mentioning errors,29,0,13,0,44.8275862068966,0,0.448275862068966,0,NA,NA
Funding,Declared none,2,Descriptive,Conflating task,29,17,0,58.6206896551724,0,0.586206896551724,0,0.586206896551724,NA,NA
Funding,Declared none,2,Causal,Random error,49,22,24,44.8979591836735,48.9795918367347,0.489795918367347,0.489795918367347,0.489795918367347,4,18.1818181818182
Funding,Declared none,2,Causal,Selection bias,57,46,48,80.7017543859649,84.2105263157895,0.807017543859649,0.982456140350877,0.807017543859649,14,30.4347826086957
Funding,Declared none,2,Causal,Measurement bias,57,57,0,100,0,4.2280701754386,0,3.87719298245614,24,42.1052631578947
Funding,Declared none,2,Causal,Confounding bias,57,50,0,87.719298245614,0,0.87719298245614,0,0.707602347368421,9,18
Funding,Declared none,2,Causal,Missing data,57,11,19,19.2982456140351,33.3333333333333,0.298245614035088,0.491228070175439,0.276315789473684,0,0
Funding,Declared none,2,Causal,Mentioning errors,57,0,20,0,35.0877192982456,0,0.350877192982456,0,NA,NA
Funding,Declared none,2,Causal,Conflating task,0,0,0,NA,NA,NA,NA,NA,NA,NA
Funding,Not stated,3,Descriptive,Random error,12,2,8,16.6666666666667,66.6666666666667,0.166666666666667,0.666666666666667,0.166666666666667,2,100
Funding,Not stated,3,Descriptive,Selection bias,21,12,0,57.1428571428571,0,0.571428571428571,0,0.571428571428571,6,50
Funding,Not stated,3,Descriptive,Measurement bias,21,20,0,95.2380952380952,0,1.61904761904762,0,1.47619047619048,8,40
Funding,Not stated,3,Descriptive,Confounding bias,0,0,0,NA,NA,NA,NA,NA,NA,NA
Funding,Not stated,3,Descriptive,Missing data,21,1,7,4.76190476190476,33.3333333333333,0.0476190476190476,0.333333333333333,0.0476190476190476,0,0
Funding,Not stated,3,Descriptive,Mentioning errors,21,0,6,0,28.5714285714286,0,0.285714285714286,0,NA,NA
Funding,Not stated,3,Descriptive,Conflating task,21,14,0,66.6666666666667,0,0.666666666666667,0,0.666666666666667,NA,NA
Funding,Not stated,3,Causal,Random error,45,18,22,40,48.8888888888889,0.444444444444444,0.488888888888889,0.444444444444444,3,16.6666666666667
Funding,Not stated,3,Causal,Selection bias,61,43,55,70.4918032786885,90.1639344262295,0.704918032786885,1.04918032786885,0.704918032786885,12,27.906976744186
Funding,Not stated,3,Causal,Measurement bias,61,61,0,100,0,4.11475409836066,0,3.77868852459016,22,36.0655737704918
Funding,Not stated,3,Causal,Confounding bias,61,54,0,88.5245901639344,0,0.885245901639344,0,0.688524601639344,16,29.6296296296296
Funding,Not stated,3,Causal,Missing data,61,10,25,16.3934426229508,40.9836065573771,0.245901639344262,0.524590163934426,0.245901639344262,0,0
Funding,Not stated,3,Causal,Mentioning errors,61,0,15,0,24.5901639344262,0,0.245901639344262,0,NA,NA
Funding,Not stated,3,Causal,Conflating task,0,0,0,NA,NA,NA,NA,NA,NA,NA
