stratifier,task,measure,n_levels,spread,lo_level,lo_val,lo_n,hi_level,hi_val,hi_n,task_mean
Saudi data used,Descriptive,mean_err_w,2,0.119940029985008,No,3.08695652173913,23,Yes,3.20689655172414,58,3.17283950617284
Saudi data used,Descriptive,mean_val_err,2,0.204647676161919,No,3.26086956521739,23,Yes,3.46551724137931,58,3.40740740740741
Saudi data used,Descriptive,mean_rep_gap,2,0.339580209895052,Yes,1.05172413793103,58,No,1.39130434782609,23,1.14814814814815
Saudi data used,Descriptive,mean_validity,2,0.00108249446705228,No,0.430779848171152,23,Yes,0.431862342638205,58,0.431554967666079
Saudi data used,Descriptive,mean_transparency,2,0.0502656409890293,No,0.796963423050379,23,Yes,0.847229064039409,58,0.832956104252401
Saudi data used,Descriptive,mean_dom_flag,2,0.0487256371814091,Yes,2.60344827586207,58,No,2.65217391304348,23,2.61728395061728
Saudi data used,Descriptive,mean_dom_gap,2,0.339580209895052,Yes,1.05172413793103,58,No,1.39130434782609,23,1.14814814814815
Saudi data used,Descriptive,pct_ge3,2,12.5187406296852,No,47.8260869565217,23,Yes,60.3448275862069,58,56.7901234567901
Saudi data used,Descriptive,pct_val,2,0.312708376445698,No,45.8646616541353,23,Yes,46.177370030581,58,46.0885762940594
Saudi data used,Descriptive,pct_worst,2,5.09300774872962,Yes,64.8318042813456,58,No,69.9248120300752,23,66.2779669754293
Saudi data used,Descriptive,mean_ack,2,0.0319215392303848,Yes,0.33764367816092,58,No,0.369565217391304,23,0.346707818930041
Saudi data used,Causal,mean_err_w,2,0.487170144536183,No,5.61494254137931,87,Yes,6.10211268591549,142,5.91703057860262
Saudi data used,Causal,mean_val_err,2,0.517727051966975,No,6.17241379310345,87,Yes,6.69014084507042,142,6.49344978165939
Saudi data used,Causal,mean_rep_gap,2,0.357859802493119,Yes,2.14788732394366,142,No,2.50574712643678,87,2.28384279475983
Saudi data used,Causal,mean_validity,2,0.031573200675849,Yes,0.473142117249408,142,No,0.504715317925257,87,0.485137176021455
Saudi data used,Causal,mean_transparency,2,0.0222216055338441,No,0.831218790402627,87,Yes,0.853440395936471,142,0.844998126585186
Saudi data used,Causal,mean_dom_flag,2,0.0451675570665375,No,3.13793103448276,87,Yes,3.1830985915493,142,3.16593886462882
Saudi data used,Causal,mean_dom_gap,2,0.181722519022179,Yes,1.1056338028169,142,No,1.28735632183908,87,1.17467248908297
Saudi data used,Causal,pct_ge3,2,4.67864659219687,No,77.0114942528736,87,Yes,81.6901408450704,142,79.9126637554585
Saudi data used,Causal,pct_val,2,1.08697203366045,No,53.6345776031434,87,Yes,54.7215496368039,142,54.3085951960682
Saudi data used,Causal,pct_worst,2,1.90969331690586,Yes,73.728813559322,142,No,75.6385068762279,87,74.4543302343037
Saudi data used,Causal,mean_ack,2,0.00566348281258433,Yes,0.307746478873239,142,No,0.313409961685824,87,0.309898107714702
Number of authors,Descriptive,mean_err_w,3,0.497326203208556,11+,2.91176470588235,17,1-2,3.40909090909091,11,3.17283950617284
Number of authors,Descriptive,mean_val_err,3,0.609625668449198,11+,3.11764705882353,17,1-2,3.72727272727273,11,3.40740740740741
Number of authors,Descriptive,mean_rep_gap,3,0.285238623751387,11+,0.941176470588235,17,3-10,1.22641509433962,53,1.14814814814815
Number of authors,Descriptive,mean_validity,3,0.0613169510228335,1-2,0.385858585858586,11,11+,0.447175536881419,17,0.431554967666079
Number of authors,Descriptive,mean_transparency,3,0.0295874953755086,3-10,0.82571129080563,53,11+,0.855298786181139,17,0.8329561042524
Number of authors,Descriptive,mean_dom_flag,3,0.286348501664817,11+,2.41176470588235,17,3-10,2.69811320754717,53,2.61728395061728
Number of authors,Descriptive,mean_dom_gap,3,0.285238623751387,11+,0.941176470588235,17,3-10,1.22641509433962,53,1.14814814814815
Number of authors,Descriptive,pct_ge3,3,13.3185349611543,11+,47.0588235294118,17,3-10,60.377358490566,53,56.7901234567901
Number of authors,Descriptive,pct_val,3,1.52485950531553,11+,45.0549450549451,17,3-10,46.5798045602606,53,46.067134582423
Number of authors,Descriptive,pct_worst,3,5.11508035938004,11+,62.6373626373626,17,3-10,67.7524429967427,53,66.2394081853996
Number of authors,Descriptive,mean_ack,3,0.220554602630074,3-10,0.309748427672956,53,1-2,0.53030303030303,11,0.346707818930041
Number of authors,Causal,mean_err_w,3,0.756878303809525,11+,5.54074075333333,45,1-2,6.29761905714286,28,5.91703057860262
Number of authors,Causal,mean_val_err,3,0.83968253968254,11+,6.08888888888889,45,1-2,6.92857142857143,28,6.49344978165939
Number of authors,Causal,mean_rep_gap,3,0.0641025641025643,3-10,2.26923076923077,156,11+,2.33333333333333,45,2.28384279475983
Number of authors,Causal,mean_validity,3,0.0611831227570023,1-2,0.463737455938086,28,11+,0.524920578695088,45,0.485137176021456
Number of authors,Causal,mean_transparency,3,0.00346466281819358,11+,0.843567611630047,45,1-2,0.847032274448241,28,0.844998126585186
Number of authors,Causal,mean_dom_flag,3,0.196825396825397,11+,3.08888888888889,45,1-2,3.28571428571429,28,3.16593886462882
Number of authors,Causal,mean_dom_gap,3,0.0787545787545787,1-2,1.10714285714286,28,3-10,1.18589743589744,156,1.17467248908297
Number of authors,Causal,pct_ge3,3,13.7301587301587,11+,75.5555555555556,45,1-2,89.2857142857143,28,79.9126637554585
Number of authors,Causal,pct_val,3,2.36825163248413,11+,53.0534351145038,45,1-2,55.421686746988,28,54.3047770654491
Number of authors,Causal,pct_worst,3,1.57974027285658,11+,73.2824427480916,45,3-10,74.8621830209482,156,74.4581190834618
Number of authors,Causal,mean_ack,3,0.0299206349206349,1-2,0.301190476190476,28,11+,0.331111111111111,45,0.309898107714702
% Saudi authors,Descriptive,mean_err_w,2,0.226223776223776,<50%,3.01923076923077,26,>=50%,3.24545454545455,55,3.17283950617284
% Saudi authors,Descriptive,mean_val_err,2,0.316783216783217,<50%,3.19230769230769,26,>=50%,3.50909090909091,55,3.40740740740741
% Saudi authors,Descriptive,mean_rep_gap,2,0.121678321678322,>=50%,1.10909090909091,55,<50%,1.23076923076923,26,1.14814814814815
% Saudi authors,Descriptive,mean_validity,2,0.0269846819846819,>=50%,0.422893217893218,55,<50%,0.4498778998779,26,0.431554967666079
% Saudi authors,Descriptive,mean_transparency,2,0.0170443445443446,<50%,0.821382783882784,26,>=50%,0.838427128427128,55,0.8329561042524
% Saudi authors,Descriptive,mean_dom_flag,2,0.00279720279720275,<50%,2.61538461538462,26,>=50%,2.61818181818182,55,2.61728395061728
% Saudi authors,Descriptive,mean_dom_gap,2,0.121678321678322,>=50%,1.10909090909091,55,<50%,1.23076923076923,26,1.14814814814815
% Saudi authors,Descriptive,pct_ge3,2,10,<50%,50,26,>=50%,60,55,56.7901234567901
% Saudi authors,Descriptive,pct_val,2,0.207900207900209,<50%,45.9459459459459,26,>=50%,46.1538461538462,55,46.0871127537794
% Saudi authors,Descriptive,pct_worst,2,1.86243936243936,>=50%,65.7051282051282,55,<50%,67.5675675675676,26,66.3029482473927
% Saudi authors,Descriptive,mean_ack,2,0.0463869463869464,>=50%,0.331818181818182,55,<50%,0.378205128205128,26,0.346707818930041
% Saudi authors,Causal,mean_err_w,2,0.440838803973728,<50%,5.63789683809524,84,>=50%,6.07873564206897,145,5.91703057860262
% Saudi authors,Causal,mean_val_err,2,0.459688013136289,<50%,6.20238095238095,84,>=50%,6.66206896551724,145,6.49344978165939
% Saudi authors,Causal,mean_rep_gap,2,0.266174055829228,>=50%,2.18620689655172,145,<50%,2.45238095238095,84,2.28384279475983
% Saudi authors,Causal,mean_validity,2,0.0276924581691317,>=50%,0.474979243767276,145,<50%,0.502671701936408,84,0.485137176021456
% Saudi authors,Causal,mean_transparency,2,0.0162076552611999,<50%,0.834735637445998,84,>=50%,0.850943292707198,145,0.844998126585186
% Saudi authors,Causal,mean_dom_flag,2,0.0575533661740559,>=50%,3.1448275862069,145,<50%,3.20238095238095,84,3.16593886462882
% Saudi authors,Causal,mean_dom_gap,2,0.100164203612479,>=50%,1.13793103448276,145,<50%,1.23809523809524,84,1.17467248908297
% Saudi authors,Causal,pct_ge3,2,1.64203612479474,>=50%,79.3103448275862,145,<50%,80.9523809523809,84,79.9126637554585
% Saudi authors,Causal,pct_val,2,0.582270057576018,>=50%,54.0925266903915,145,<50%,54.6747967479675,84,54.3061104669696
% Saudi authors,Causal,pct_worst,2,2.14752770303504,>=50%,73.6654804270463,145,<50%,75.8130081300813,84,74.4532198465002
% Saudi authors,Causal,mean_ack,2,0.0338779419813902,>=50%,0.297471264367816,145,<50%,0.331349206349206,84,0.309898107714702
Corresponding author,Descriptive,mean_err_w,2,0.119940029985008,Non-Saudi,3.08695652173913,23,Saudi,3.20689655172414,58,3.17283950617284
Corresponding author,Descriptive,mean_val_err,2,0.204647676161919,Non-Saudi,3.26086956521739,23,Saudi,3.46551724137931,58,3.40740740740741
Corresponding author,Descriptive,mean_rep_gap,2,0.0854572713643178,Non-Saudi,1.08695652173913,23,Saudi,1.17241379310345,58,1.14814814814815
Corresponding author,Descriptive,mean_validity,2,0.0251329692296708,Saudi,0.424418445539135,58,Non-Saudi,0.449551414768806,23,0.431554967666079
Corresponding author,Descriptive,mean_transparency,2,0.0135863615811143,Saudi,0.8290982484948,58,Non-Saudi,0.842684610075914,23,0.8329561042524
Corresponding author,Descriptive,mean_dom_flag,2,0.0119940029985006,Non-Saudi,2.60869565217391,23,Saudi,2.62068965517241,58,2.61728395061728
Corresponding author,Descriptive,mean_dom_gap,2,0.0854572713643178,Non-Saudi,1.08695652173913,23,Saudi,1.17241379310345,58,1.14814814814815
Corresponding author,Descriptive,pct_ge3,2,6.44677661169415,Non-Saudi,52.1739130434783,23,Saudi,58.6206896551724,58,56.7901234567901
Corresponding author,Descriptive,pct_val,2,0.093240093240091,Saudi,46.0606060606061,58,Non-Saudi,46.1538461538462,23,46.0870816426372
Corresponding author,Descriptive,pct_worst,2,1.28205128205128,Non-Saudi,65.3846153846154,23,Saudi,66.6666666666667,58,66.3026274137385
Corresponding author,Descriptive,mean_ack,2,0.14324087956022,Saudi,0.306034482758621,58,Non-Saudi,0.449275362318841,23,0.346707818930041
Corresponding author,Causal,mean_err_w,2,0.167498762287506,Non-Saudi,5.8102409746988,83,Saudi,5.9777397369863,146,5.91703057860262
Corresponding author,Causal,mean_val_err,2,0.169252351873246,Non-Saudi,6.3855421686747,83,Saudi,6.55479452054795,146,6.49344978165939
Corresponding author,Causal,mean_rep_gap,2,0.27289981845189,Saudi,2.18493150684932,146,Non-Saudi,2.4578313253012,83,2.28384279475983
Corresponding author,Causal,mean_validity,2,0.00663211731366298,Saudi,0.48273339551039,146,Non-Saudi,0.489365512824053,83,0.485137176021455
Corresponding author,Causal,mean_transparency,2,0.0163637162151705,Non-Saudi,0.834565364282064,83,Saudi,0.850929080497234,146,0.844998126585186
Corresponding author,Causal,mean_dom_flag,2,0.11767618418881,Saudi,3.12328767123288,146,Non-Saudi,3.24096385542169,83,3.16593886462882
Corresponding author,Causal,mean_dom_gap,2,0.0472850305330914,Saudi,1.15753424657534,146,Non-Saudi,1.20481927710843,83,1.17467248908297
Corresponding author,Causal,pct_ge3,2,3.16058755570225,Saudi,78.7671232876712,146,Non-Saudi,81.9277108433735,83,79.9126637554585
Corresponding author,Causal,pct_val,2,1.28587880078193,Saudi,53.8370720188902,146,Non-Saudi,55.1229508196721,83,54.3031328942828
Corresponding author,Causal,pct_worst,2,1.8249075812414,Saudi,73.7898465171192,146,Non-Saudi,75.6147540983606,83,74.45127590246
Corresponding author,Causal,mean_ack,2,0.02825411233977,Saudi,0.299657534246575,146,Non-Saudi,0.327911646586345,83,0.309898107714702
First author,Descriptive,mean_err_w,2,0.143682588597843,Non-Saudi,3.06818181818182,22,Saudi,3.21186440677966,59,3.17283950617284
First author,Descriptive,mean_val_err,2,0.247303543913714,Non-Saudi,3.22727272727273,22,Saudi,3.47457627118644,59,3.40740740740741
First author,Descriptive,mean_rep_gap,2,0.078582434514638,Non-Saudi,1.09090909090909,22,Saudi,1.16949152542373,59,1.14814814814815
First author,Descriptive,mean_validity,2,0.0361196712891628,Saudi,0.421744686575195,59,Non-Saudi,0.457864357864358,22,0.431554967666079
First author,Descriptive,mean_transparency,2,0.0124538361826497,Saudi,0.829573580844767,59,Non-Saudi,0.842027417027417,22,0.8329561042524
First author,Descriptive,mean_dom_flag,2,0.0261941448382124,Saudi,2.61016949152542,59,Non-Saudi,2.63636363636364,22,2.61728395061728
First author,Descriptive,mean_dom_gap,2,0.078582434514638,Non-Saudi,1.09090909090909,22,Saudi,1.16949152542373,59,1.14814814814815
First author,Descriptive,pct_ge3,2,3.08166409861326,Non-Saudi,54.5454545454545,22,Saudi,57.6271186440678,59,56.7901234567901
First author,Descriptive,pct_val,2,0.94086021505376,Saudi,45.8333333333333,59,Non-Saudi,46.7741935483871,22,46.0888756139652
First author,Descriptive,pct_worst,2,0.240015360983108,Non-Saudi,66.1290322580645,22,Saudi,66.3690476190476,59,66.3038582617436
First author,Descriptive,mean_ack,2,0.106445814072933,Saudi,0.317796610169492,59,Non-Saudi,0.424242424242424,22,0.346707818930041
First author,Causal,mean_err_w,2,0.326647583057074,Non-Saudi,5.70021646233766,77,Saudi,6.02686404539474,152,5.91703057860262
First author,Causal,mean_val_err,2,0.31296992481203,Non-Saudi,6.28571428571429,77,Saudi,6.59868421052632,152,6.49344978165939
First author,Causal,mean_rep_gap,2,0.257177033492823,Saudi,2.19736842105263,152,Non-Saudi,2.45454545454545,77,2.28384279475983
First author,Causal,mean_validity,2,0.0247303149617216,Saudi,0.476821742606379,152,Non-Saudi,0.5015520575681,77,0.485137176021455
First author,Causal,mean_transparency,2,0.014317953240094,Non-Saudi,0.835494506967307,77,Saudi,0.849812460207401,152,0.844998126585186
First author,Causal,mean_dom_flag,2,0.102187286397812,Saudi,3.13157894736842,152,Non-Saudi,3.23376623376623,77,3.16593886462882
First author,Causal,mean_dom_gap,2,0.0303315105946684,Saudi,1.16447368421053,152,Non-Saudi,1.19480519480519,77,1.17467248908297
First author,Causal,pct_ge3,2,4.82740943267258,Saudi,78.2894736842105,152,Non-Saudi,83.1168831168831,77,79.9126637554585
First author,Causal,pct_val,2,0.816303059698882,Saudi,54.0295119182747,152,Non-Saudi,54.8458149779736,77,54.3039893662957
First author,Causal,pct_worst,2,0.989814337931961,Saudi,74.1203178206583,152,Non-Saudi,75.1101321585903,77,74.4531374888713
First author,Causal,mean_ack,2,0.0304155274550011,Saudi,0.299671052631579,152,Non-Saudi,0.33008658008658,77,0.309898107714702
Last author,Descriptive,mean_err_w,2,0.0362745098039214,Non-Saudi,3.15,30,Saudi,3.18627450980392,51,3.17283950617284
Last author,Descriptive,mean_val_err,2,0.117647058823529,Non-Saudi,3.33333333333333,30,Saudi,3.45098039215686,51,3.40740740740741
Last author,Descriptive,mean_rep_gap,2,0.0823529411764705,Saudi,1.11764705882353,51,Non-Saudi,1.2,30,1.14814814814815
Last author,Descriptive,mean_validity,2,0.00063958916900092,Saudi,0.431318082788671,51,Non-Saudi,0.431957671957672,30,0.431554967666079
Last author,Descriptive,mean_transparency,2,0.0123840647370058,Non-Saudi,0.82515873015873,30,Saudi,0.837542794895736,51,0.8329561042524
Last author,Descriptive,mean_dom_flag,2,0.131372549019608,Saudi,2.56862745098039,51,Non-Saudi,2.7,30,2.61728395061728
Last author,Descriptive,mean_dom_gap,2,0.0823529411764705,Saudi,1.11764705882353,51,Non-Saudi,1.2,30,1.14814814814815
Last author,Descriptive,pct_ge3,2,5.49019607843137,Non-Saudi,53.3333333333333,30,Saudi,58.8235294117647,51,56.7901234567901
Last author,Descriptive,pct_val,2,2.47464503042597,Saudi,45.1724137931034,51,Non-Saudi,47.6470588235294,30,46.0889489895575
Last author,Descriptive,pct_worst,2,3.99594320486815,Saudi,64.8275862068966,51,Non-Saudi,68.8235294117647,30,66.3075651716625
Last author,Descriptive,mean_ack,2,0.00964052287581701,Saudi,0.343137254901961,51,Non-Saudi,0.352777777777778,30,0.346707818930041
Last author,Causal,mean_err_w,2,0.229303728931704,Non-Saudi,5.78385417708333,96,Saudi,6.01315790601504,133,5.91703057860262
Last author,Causal,mean_val_err,2,0.203947368421052,Non-Saudi,6.375,96,Saudi,6.57894736842105,133,6.49344978165939
Last author,Causal,mean_rep_gap,2,0.085213032581454,Saudi,2.24812030075188,133,Non-Saudi,2.33333333333333,96,2.28384279475983
Last author,Causal,mean_validity,2,0.0271052525644659,Saudi,0.473774275383077,133,Non-Saudi,0.500879527947543,96,0.485137176021455
Last author,Causal,mean_transparency,2,0.000845554084179745,Non-Saudi,0.844507040588697,96,Saudi,0.845352594672877,133,0.844998126585186
Last author,Causal,mean_dom_flag,2,0.0191885964912282,Saudi,3.15789473684211,133,Non-Saudi,3.17708333333333,96,3.16593886462882
Last author,Causal,mean_dom_gap,2,0.0137844611528821,Non-Saudi,1.16666666666667,96,Saudi,1.18045112781955,133,1.17467248908297
Last author,Causal,pct_ge3,2,3.07800751879699,Non-Saudi,78.125,96,Saudi,81.203007518797,133,79.9126637554585
Last author,Causal,pct_val,2,0.10363553455209,Saudi,54.2635658914729,133,Non-Saudi,54.367201426025,96,54.3070113557392
Last author,Causal,pct_worst,2,0.216252815432028,Non-Saudi,74.331550802139,96,Saudi,74.5478036175711,133,74.4571474154686
Last author,Causal,mean_ack,2,0.0517100041771094,Saudi,0.288220551378446,133,Non-Saudi,0.339930555555556,96,0.309898107714702
Sector composition,Descriptive,mean_err_w,2,0.565686274509804,Health-system,2.81666666666667,30,Academic-only,3.38235294117647,51,3.17283950617284
Sector composition,Descriptive,mean_val_err,2,0.647058823529412,Health-system,3,30,Academic-only,3.64705882352941,51,3.40740740740741
Sector composition,Descriptive,mean_rep_gap,2,0.235294117647059,Health-system,1,30,Academic-only,1.23529411764706,51,1.14814814814815
Sector composition,Descriptive,mean_validity,2,0.064547152194211,Academic-only,0.407648615001556,51,Health-system,0.472195767195767,30,0.431554967666079
Sector composition,Descriptive,mean_transparency,2,0.0191495487083723,Academic-only,0.825863678804855,51,Health-system,0.845013227513227,30,0.8329561042524
Sector composition,Descriptive,mean_dom_flag,2,0.450980392156862,Health-system,2.33333333333333,30,Academic-only,2.7843137254902,51,2.61728395061728
Sector composition,Descriptive,mean_dom_gap,2,0.235294117647059,Health-system,1,30,Academic-only,1.23529411764706,51,1.14814814814815
Sector composition,Descriptive,pct_ge3,2,26.6666666666667,Health-system,40,30,Academic-only,66.6666666666667,51,56.7901234567901
Sector composition,Descriptive,pct_val,2,4.8666625353742,Health-system,42.9447852760736,30,Academic-only,47.8114478114478,51,46.0089802057537
Sector composition,Descriptive,pct_worst,2,7.67387577203528,Health-system,61.3496932515337,30,Academic-only,69.023569023569,51,66.1813928117041
Sector composition,Descriptive,mean_ack,2,0.084640522875817,Academic-only,0.315359477124183,51,Health-system,0.4,30,0.346707818930041
Sector composition,Causal,mean_err_w,2,0.459687094116614,Health-system,5.60388129178082,73,Academic-only,6.06356838589744,156,5.91703057860262
Sector composition,Causal,mean_val_err,2,0.643923428170003,Health-system,6.05479452054795,73,Academic-only,6.69871794871795,156,6.49344978165939
Sector composition,Causal,mean_rep_gap,2,0.476993326308395,Health-system,1.95890410958904,73,Academic-only,2.43589743589744,156,2.28384279475982
Sector composition,Causal,mean_validity,2,0.033498757454508,Academic-only,0.474458532815433,156,Health-system,0.507957290269941,73,0.485137176021455
Sector composition,Causal,mean_transparency,2,0.0243733004385613,Academic-only,0.837228471860229,156,Health-system,0.861601772298791,73,0.844998126585186
Sector composition,Causal,mean_dom_flag,2,0.283807516684229,Health-system,2.97260273972603,73,Academic-only,3.25641025641026,156,3.16593886462882
Sector composition,Causal,mean_dom_gap,2,0.1357569371268,Health-system,1.08219178082192,73,Academic-only,1.21794871794872,156,1.17467248908297
Sector composition,Causal,pct_ge3,2,10.7305936073059,Health-system,72.6027397260274,73,Academic-only,83.3333333333333,156,79.9126637554585
Sector composition,Causal,pct_val,2,2.55524100150741,Health-system,52.5423728813559,73,Academic-only,55.0976138828633,156,54.2830610745225
Sector composition,Causal,pct_worst,2,4.03428697483626,Health-system,71.6707021791768,73,Academic-only,75.704989154013,156,74.4189500746984
Sector composition,Causal,mean_ack,2,0.0213309331460017,Academic-only,0.303098290598291,156,Health-system,0.324429223744292,73,0.309898107714702
Single vs multi-sector,Descriptive,mean_err_w,2,0.301639344262295,Single-sector,3.09836065573771,61,Multi-sector,3.4,20,3.17283950617284
Single vs multi-sector,Descriptive,mean_val_err,2,0.388524590163934,Single-sector,3.31147540983607,61,Multi-sector,3.7,20,3.40740740740741
Single vs multi-sector,Descriptive,mean_rep_gap,2,0.135245901639344,Single-sector,1.11475409836066,61,Multi-sector,1.25,20,1.14814814814815
Single vs multi-sector,Descriptive,mean_validity,2,0.0546262685402029,Multi-sector,0.390416666666667,20,Single-sector,0.44504293520687,61,0.431554967666079
Single vs multi-sector,Descriptive,mean_transparency,2,0.0198913609159511,Multi-sector,0.81797619047619,20,Single-sector,0.837867551392141,61,0.8329561042524
Single vs multi-sector,Descriptive,mean_dom_flag,2,0.375409836065574,Single-sector,2.52459016393443,61,Multi-sector,2.9,20,2.61728395061728
Single vs multi-sector,Descriptive,mean_dom_gap,2,0.135245901639344,Single-sector,1.11475409836066,61,Multi-sector,1.25,20,1.14814814814815
Single vs multi-sector,Descriptive,pct_ge3,2,17.5409836065574,Single-sector,52.4590163934426,61,Multi-sector,70,20,56.7901234567901
Single vs multi-sector,Descriptive,pct_val,2,5.79710144927536,Single-sector,44.6376811594203,61,Multi-sector,50.4347826086956,20,46.0690642333154
Single vs multi-sector,Descriptive,pct_worst,2,7.82608695652175,Single-sector,64.3478260869565,61,Multi-sector,72.1739130434783,20,66.280193236715
Single vs multi-sector,Descriptive,mean_ack,2,0.092896174863388,Single-sector,0.323770491803279,61,Multi-sector,0.416666666666667,20,0.346707818930041
Single vs multi-sector,Causal,mean_err_w,2,0.309484464331351,Multi-sector,5.67647060196078,51,Single-sector,5.98595506629214,178,5.91703057860262
Single vs multi-sector,Causal,mean_val_err,2,0.433024895351399,Multi-sector,6.15686274509804,51,Single-sector,6.58988764044944,178,6.49344978165939
Single vs multi-sector,Causal,mean_rep_gap,2,0.541749283983256,Multi-sector,1.86274509803922,51,Single-sector,2.40449438202247,178,2.28384279475983
Single vs multi-sector,Causal,mean_validity,2,0.0200708613212014,Single-sector,0.480667246207563,178,Multi-sector,0.500738107528765,51,0.485137176021456
Single vs multi-sector,Causal,mean_transparency,2,0.0284061941544999,Single-sector,0.838671856271301,178,Multi-sector,0.867078050425801,51,0.844998126585186
Single vs multi-sector,Causal,mean_dom_flag,2,0.28916060806345,Multi-sector,2.94117647058824,51,Single-sector,3.23033707865169,178,3.16593886462882
Single vs multi-sector,Causal,mean_dom_gap,2,0.0985899977968714,Multi-sector,1.09803921568627,51,Single-sector,1.19662921348315,178,1.17467248908297
Single vs multi-sector,Causal,pct_ge3,2,11.9960343688037,Multi-sector,70.5882352941177,51,Single-sector,82.5842696629213,178,79.9126637554585
Single vs multi-sector,Causal,pct_val,2,3.06820512481227,Multi-sector,51.9031141868512,51,Single-sector,54.9713193116635,178,54.2880072532992
Single vs multi-sector,Causal,pct_worst,2,4.05433121398373,Multi-sector,71.280276816609,51,Single-sector,75.3346080305927,178,74.4316783715833
Single vs multi-sector,Causal,mean_ack,2,0.0452853051332893,Single-sector,0.299812734082397,178,Multi-sector,0.345098039215686,51,0.309898107714702
JCR 2022 quartile,Descriptive,mean_err_w,5,0.736928104575163,Q1,2.73529411764706,17,Q3,3.47222222222222,18,3.17283950617284
JCR 2022 quartile,Descriptive,mean_val_err,5,0.781045751633987,Q1,2.94117647058824,17,Q3,3.72222222222222,18,3.40740740740741
JCR 2022 quartile,Descriptive,mean_rep_gap,5,0.451923076923077,Q2,0.923076923076923,13,None,1.375,16,1.14814814814815
JCR 2022 quartile,Descriptive,mean_validity,5,0.082897503730837,Q3,0.39402557319224,18,Q2,0.476923076923077,13,0.431554967666079
JCR 2022 quartile,Descriptive,mean_transparency,5,0.0612541971916971,None,0.802604166666667,16,Q2,0.863858363858364,13,0.8329561042524
JCR 2022 quartile,Descriptive,mean_dom_flag,5,0.483660130718954,Q1,2.29411764705882,17,Q3,2.77777777777778,18,2.61728395061728
JCR 2022 quartile,Descriptive,mean_dom_gap,5,0.451923076923077,Q2,0.923076923076923,13,None,1.375,16,1.14814814814815
JCR 2022 quartile,Descriptive,pct_ge3,5,35.2941176470588,Q1,35.2941176470588,17,Q4,70.5882352941177,17,56.7901234567901
JCR 2022 quartile,Descriptive,pct_val,5,5.5678793256433,Q1,42.3913043478261,17,Q4,47.9591836734694,17,46.0230639332653
JCR 2022 quartile,Descriptive,pct_worst,5,9.85663082437276,Q2,61.1111111111111,13,None,70.9677419354839,16,66.2351069864223
JCR 2022 quartile,Descriptive,mean_ack,5,0.177662037037037,None,0.276041666666667,16,Q3,0.453703703703704,18,0.346707818930041
JCR 2022 quartile,Causal,mean_err_w,5,1.09815920686567,Q2,5.29850747313433,67,None,6.39666668,50,5.91703057860262
JCR 2022 quartile,Causal,mean_val_err,5,0.984776119402985,Q2,5.95522388059702,67,None,6.94,50,6.49344978165939
JCR 2022 quartile,Causal,mean_rep_gap,5,0.538888888888889,Q3,2.11111111111111,45,Q4,2.65,20,2.28384279475983
JCR 2022 quartile,Causal,mean_validity,5,0.0811336262995613,None,0.444560752972518,50,Q2,0.525694379272079,67,0.485137176021456
JCR 2022 quartile,Causal,mean_transparency,5,0.0332050554889822,Q4,0.821282223753199,20,Q3,0.854487279242181,45,0.844998126585186
JCR 2022 quartile,Causal,mean_dom_flag,5,0.285074626865672,Q2,3.01492537313433,67,Q4,3.3,20,3.16593886462882
JCR 2022 quartile,Causal,mean_dom_gap,5,0.542553191489362,Q1,0.957446808510638,47,Q4,1.5,20,1.17467248908297
JCR 2022 quartile,Causal,pct_ge3,5,19.8507462686567,Q2,70.1492537313433,67,Q4,90,20,79.9126637554585
JCR 2022 quartile,Causal,pct_val,5,4.11593547840334,Q2,51.9280205655527,67,Q1,56.043956043956,47,54.3014441312254
JCR 2022 quartile,Causal,pct_worst,5,8.8284596759173,Q1,72.5274725274725,47,Q4,81.3559322033898,20,74.4403658306848
JCR 2022 quartile,Causal,mean_ack,5,0.150186567164179,Q4,0.229166666666667,20,Q2,0.379353233830846,67,0.309898107714702
JCR Q1-2 vs Q3-4,Descriptive,mean_err_w,3,0.597619047619047,Q1-Q2,2.81666666666667,30,Q3-Q4,3.41428571428571,35,3.17283950617284
JCR Q1-2 vs Q3-4,Descriptive,mean_val_err,3,0.561904761904762,Q1-Q2,3.06666666666667,30,Q3-Q4,3.62857142857143,35,3.40740740740741
JCR Q1-2 vs Q3-4,Descriptive,mean_rep_gap,3,0.308333333333333,Q1-Q2,1.06666666666667,30,None,1.375,16,1.14814814814815
JCR Q1-2 vs Q3-4,Descriptive,mean_validity,3,0.0563019652305367,Q3-Q4,0.408605442176871,35,Q1-Q2,0.464907407407407,30,0.431554967666079
JCR Q1-2 vs Q3-4,Descriptive,mean_transparency,3,0.0385522959183673,None,0.802604166666667,16,Q3-Q4,0.841156462585034,35,0.8329561042524
JCR Q1-2 vs Q3-4,Descriptive,mean_dom_flag,3,0.404761904761905,Q1-Q2,2.36666666666667,30,Q3-Q4,2.77142857142857,35,2.61728395061728
JCR Q1-2 vs Q3-4,Descriptive,mean_dom_gap,3,0.308333333333333,Q1-Q2,1.06666666666667,30,None,1.375,16,1.14814814814815
JCR Q1-2 vs Q3-4,Descriptive,pct_ge3,3,25.2380952380952,Q1-Q2,43.3333333333333,30,Q3-Q4,68.5714285714286,35,56.7901234567901
JCR Q1-2 vs Q3-4,Descriptive,pct_val,3,4.49056830469783,Q1-Q2,43.2926829268293,30,Q3-Q4,47.7832512315271,35,46.0269571385204
JCR Q1-2 vs Q3-4,Descriptive,pct_worst,3,8.16286388670338,Q1-Q2,62.8048780487805,30,None,70.9677419354839,16,66.2278740572599
JCR Q1-2 vs Q3-4,Descriptive,mean_ack,3,0.109672619047619,None,0.276041666666667,16,Q3-Q4,0.385714285714286,35,0.346707818930041
JCR Q1-2 vs Q3-4,Causal,mean_err_w,3,0.67152047122807,Q1-Q2,5.72514620877193,114,None,6.39666668,50,5.91703057860262
JCR Q1-2 vs Q3-4,Causal,mean_val_err,3,0.589122807017544,Q1-Q2,6.35087719298246,114,None,6.94,50,6.49344978165939
JCR Q1-2 vs Q3-4,Causal,mean_rep_gap,3,0.249473684210526,Q1-Q2,2.21052631578947,114,None,2.46,50,2.28384279475983
JCR Q1-2 vs Q3-4,Causal,mean_validity,3,0.0563713100338487,None,0.444560752972518,50,Q1-Q2,0.500932063006366,114,0.485137176021456
JCR Q1-2 vs Q3-4,Causal,mean_transparency,3,0.0185504767201851,None,0.832391735371611,50,Q1-Q2,0.850942212091797,114,0.844998126585186
JCR Q1-2 vs Q3-4,Causal,mean_dom_flag,3,0.145964912280701,Q1-Q2,3.1140350877193,114,None,3.26,50,3.16593886462882
JCR Q1-2 vs Q3-4,Causal,mean_dom_gap,3,0.154736842105263,Q1-Q2,1.10526315789474,114,None,1.26,50,1.17467248908297
JCR Q1-2 vs Q3-4,Causal,pct_ge3,3,8.80701754385966,Q1-Q2,77.1929824561403,114,None,86,50,79.9126637554585
JCR Q1-2 vs Q3-4,Causal,pct_val,3,1.81679922724377,Q1-Q2,53.6253776435045,114,None,55.4421768707483,50,54.3036411398179
JCR Q1-2 vs Q3-4,Causal,pct_worst,3,4.2121380274164,Q1-Q2,72.6586102719033,114,None,76.8707482993197,50,74.4488322024169
JCR Q1-2 vs Q3-4,Causal,mean_ack,3,0.132456140350877,None,0.233333333333333,50,Q1-Q2,0.36578947368421,114,0.309898107714702
Funding,Descriptive,mean_err_w,3,0.497695852534562,Not stated,2.85714285714286,21,Funded,3.35483870967742,31,3.17283950617284
Funding,Descriptive,mean_val_err,3,0.612903225806452,Not stated,3,21,Funded,3.61290322580645,31,3.40740740740741
Funding,Descriptive,mean_rep_gap,3,0.354838709677419,Not stated,1,21,Funded,1.35483870967742,31,1.14814814814815
Funding,Descriptive,mean_validity,3,0.0799575744276206,Funded,0.396799795186892,31,Not stated,0.476757369614513,21,0.431554967666079
Funding,Descriptive,mean_transparency,3,0.0465632848121328,Funded,0.805005120327701,31,Not stated,0.851568405139834,21,0.8329561042524
Funding,Descriptive,mean_dom_flag,3,0.473118279569892,Not stated,2.33333333333333,21,Funded,2.80645161290323,31,2.61728395061728
Funding,Descriptive,mean_dom_gap,3,0.354838709677419,Not stated,1,21,Funded,1.35483870967742,31,1.14814814814815
Funding,Descriptive,pct_ge3,3,30.8702791461412,Not stated,38.0952380952381,21,Declared none,68.9655172413793,29,56.7901234567901
Funding,Descriptive,pct_val,3,6.72301007496538,Not stated,41.8803418803419,21,Funded,48.6033519553073,31,46.0505373966185
Funding,Descriptive,pct_worst,3,12.2379792770854,Not stated,59.8290598290598,21,Funded,72.0670391061452,31,66.2330705259654
Funding,Descriptive,mean_ack,3,0.121784345922277,Declared none,0.298850574712644,29,Not stated,0.420634920634921,21,0.346707818930041
Funding,Causal,mean_err_w,3,0.34327964391717,Not stated,5.74590165081967,61,Declared none,6.08918129473684,57,5.91703057860262
Funding,Causal,mean_val_err,3,0.352890422778257,Not stated,6.27868852459016,61,Declared none,6.63157894736842,57,6.49344978165939
Funding,Causal,mean_rep_gap,3,0.180032491507901,Not stated,2.18032786885246,61,Funded,2.36036036036036,111,2.28384279475983
Funding,Causal,mean_validity,3,0.023583270850819,Declared none,0.475673498041919,57,Not stated,0.499256768892738,61,0.485137176021455
Funding,Causal,mean_transparency,3,0.0101544384439122,Funded,0.840028956592424,111,Not stated,0.850183395036336,61,0.844998126585186
Funding,Causal,mean_dom_flag,3,0.21397756686799,Not stated,3.04918032786885,61,Declared none,3.26315789473684,57,3.16593886462882
Funding,Causal,mean_dom_gap,3,0.0488383119962068,Declared none,1.14035087719298,57,Funded,1.18918918918919,111,1.17467248908297
Funding,Causal,pct_ge3,3,11.6526362428002,Not stated,72.1311475409836,61,Funded,83.7837837837838,111,79.9126637554585
Funding,Causal,pct_val,3,2.54576561163388,Not stated,53.1428571428571,61,Declared none,55.688622754491,57,54.3006977813837
Funding,Causal,pct_worst,3,1.43541488451669,Not stated,73.7142857142857,61,Declared none,75.1497005988024,57,74.4527930836654
Funding,Causal,mean_ack,3,0.0587956377430062,Declared none,0.275438596491228,57,Funded,0.334234234234234,111,0.309898107714702
