stratifier,level,ord,task,N,mean_val_err,mean_rep_gap,mean_err_w,sd_err_w,median_err_w,q25_err_w,q75_err_w,min_err_w,max_err_w,mean_validity,mean_validity_w,mean_transparency,median_validity,median_transparency,mean_dom_flag,mean_dom_gap,pct_clean,pct_ge3,sd_rep_gap,sd_dom_flag,sd_dom_gap,sd_validity,sd_transparency,sd_ack,cells_app,pct_ok,pct_rep,pct_val,pct_worst,n_ack_elig,mean_ack,pct_ack_none,q_hihi,q_hilo,q_lohi,q_lolo
Saudi data used,Yes,1,Descriptive,58,3.46551724137931,1.05172413793103,3.20689655172414,1.09237582199494,3.5,2.5,4,1,6.5,0.431862342638205,0.472694307608101,0.847229064039409,0.428571428571429,0.833333333333333,2.60344827586207,1.05172413793103,0,60.3448275862069,0.759094885618426,0.972240226837578,0.759094885618426,0.154988801973175,0.11140859278467,0.402363392541107,327,35.1681957186544,18.6544342507645,46.177370030581,64.8318042813456,58,0.33764367816092,50,14,14,10,20
Saudi data used,Yes,1,Causal,142,6.69014084507042,2.14788732394366,6.10211268591549,1.77470167276252,6,5,7.3333333,2.3333333,12,0.473142117249408,0.518521259532378,0.853440395936471,0.485294117647059,0.866666666666667,3.1830985915493,1.1056338028169,0,81.6901408450704,1.27132690551614,0.813186694517222,0.896864091310322,0.140280666823923,0.0910332798721454,0.268783427718084,826,26.271186440678,19.0072639225182,54.7215496368039,73.728813559322,142,0.307746478873239,33.0985915492958,48,38,23,33
Saudi data used,No,2,Descriptive,23,3.26086956521739,1.39130434782609,3.08695652173913,0.972954426582013,3,2,3.75,1.5,4.5,0.430779848171152,0.455564182194617,0.796963423050379,0.4,0.777777777777778,2.65217391304348,1.39130434782609,0,47.8260869565217,0.940943937793929,0.884651736929383,0.940943937793929,0.131247798863732,0.148182691756372,0.435067978373363,133,30.0751879699248,24.0601503759398,45.8646616541353,69.9248120300752,23,0.369565217391304,52.1739130434783,6,4,3,10
Saudi data used,No,2,Causal,87,6.17241379310345,2.50574712643678,5.61494254137931,1.70182118092118,5.1666667,4.5,6.58333335,2.3333333,10.6666667,0.504715317925257,0.548457282632902,0.831218790402627,0.529411764705882,0.857142857142857,3.13793103448276,1.28735632183908,0,77.0114942528736,1.453732671263,0.878323108861736,0.901007781720667,0.138802378531183,0.102421221328849,0.328470725203376,509,24.3614931237721,22.0039292730845,53.6345776031434,75.6385068762279,87,0.313409961685824,41.3793103448276,33,15,24,15
Number of authors,1-2,1,Descriptive,11,3.72727272727273,1.09090909090909,3.40909090909091,1.37510330190466,3.5,2.5,4,1.5,6.5,0.385858585858586,0.436868686868687,0.833333333333333,0.4,0.833333333333333,2.54545454545455,1.09090909090909,0,54.5454545454545,0.831209414593634,1.12815214963553,0.831209414593634,0.159790828480367,0.124175283908622,0.420437482591261,62,35.4838709677419,19.3548387096774,45.1612903225806,64.5161290322581,11,0.53030303030303,27.2727272727273,1,3,2,5
Number of authors,1-2,1,Causal,28,6.92857142857143,2.28571428571429,6.29761905714286,1.80554537444423,5.83333335,5.125000025,7.374999975,3.1666667,12,0.463737455938086,0.513513478734041,0.847032274448241,0.5,0.857142857142857,3.28571428571429,1.10714285714286,0,89.2857142857143,1.32935915658477,0.762896180361772,0.956044540814477,0.151283948340584,0.0931747245799646,0.243767099070127,166,25.9036144578313,18.6746987951807,55.421686746988,74.0963855421687,28,0.301190476190476,28.5714285714286,10,6,5,7
Number of authors,3-10,2,Descriptive,53,3.43396226415094,1.22641509433962,3.20754716981132,1.01637535779087,3,2,4,1,5.5,0.436028751123091,0.470297993411201,0.82571129080563,0.428571428571429,0.857142857142857,2.69811320754717,1.22641509433962,0,60.377358490566,0.846747383861014,0.952424147199324,0.846747383861014,0.140269527972785,0.12858601565816,0.399110040443941,307,32.2475570032573,21.1726384364821,46.5798045602606,67.7524429967427,53,0.309748427672956,54.7169811320755,14,13,8,18
Number of authors,3-10,2,Causal,156,6.53205128205128,2.26923076923077,5.95726496794872,1.73686796368478,5.6666667,4.625000025,7.1666667,2.5833333,11,0.477502169880564,0.522496653059009,0.845045671667338,0.5,0.866666666666667,3.16666666666667,1.18589743589744,0,79.4871794871795,1.39744538283787,0.848781542875952,0.935359080122482,0.138474611034336,0.0994756577410303,0.296024962496579,907,25.1378169790518,20.3969128996692,54.4652701212789,74.8621830209482,156,0.30534188034188,38.4615384615385,57,39,26,34
Number of authors,11+,3,Descriptive,17,3.11764705882353,0.941176470588235,2.91176470588235,0.9558257901817,3,2.5,3.5,1,4.5,0.447175536881419,0.480170401493931,0.855298786181139,0.428571428571429,0.833333333333333,2.41176470588235,0.941176470588235,0,47.0588235294118,0.747545001596402,0.795206225564457,0.747545001596402,0.166128778331382,0.113719813693827,0.426836669563031,91,37.3626373626374,17.5824175824176,45.0549450549451,62.6373626373626,17,0.343137254901961,52.9411764705882,5,2,3,7
Number of authors,11+,3,Causal,45,6.08888888888889,2.33333333333333,5.54074075333333,1.78169549992418,5.6666667,4.1666667,6.5,2.3333333,10.6666667,0.524920578695088,0.565732159131147,0.843567611630047,0.538461538461538,0.846153846153846,3.08888888888889,1.17777777777778,0,75.5555555555556,1.22474487139159,0.848051837561784,0.747386017119573,0.135017937274419,0.0864536223591751,0.310945121664368,262,26.7175572519084,20.2290076335878,53.0534351145038,73.2824427480916,45,0.331111111111111,33.3333333333333,14,8,16,7
% Saudi authors,>=50%,1,Descriptive,55,3.50909090909091,1.10909090909091,3.24545454545455,1.11335631743045,3.5,2.5,4,1,6.5,0.422893217893218,0.465046897546898,0.838427128427128,0.428571428571429,0.833333333333333,2.61818181818182,1.10909090909091,0,60,0.785817038189181,1.00904995821903,0.785817038189181,0.158500529682634,0.114861151634155,0.400774362686483,312,34.2948717948718,19.5512820512821,46.1538461538462,65.7051282051282,55,0.331818181818182,50.9090909090909,11,13,10,21
% Saudi authors,>=50%,1,Causal,145,6.66206896551724,2.18620689655172,6.07873564206897,1.8433485726552,6,4.6666667,7.5,2.3333333,12,0.474979243767276,0.520147552193716,0.850943292707198,0.5,0.866666666666667,3.1448275862069,1.13793103448276,0,79.3103448275862,1.30695897504555,0.824783728763921,0.909980842710228,0.141521552125823,0.0927410487069878,0.27575185544468,843,26.3345195729537,19.5729537366548,54.0925266903915,73.6654804270463,145,0.297471264367816,37.2413793103448,49,38,27,31
% Saudi authors,<50%,2,Descriptive,26,3.19230769230769,1.23076923076923,3.01923076923077,0.921745835149465,3,2,3.5,1.5,4.5,0.4498778998779,0.473717948717949,0.821382783882784,0.436507936507937,0.857142857142857,2.61538461538462,1.23076923076923,0,50,0.908083357746074,0.8038369524685,0.908083357746074,0.123085682661615,0.143472849839286,0.433481237086431,148,32.4324324324324,21.6216216216216,45.9459459459459,67.5675675675676,26,0.378205128205128,50,9,5,3,9
% Saudi authors,<50%,2,Causal,84,6.20238095238095,2.45238095238095,5.63789683809524,1.57666075054069,5.5,4.6666667,6.6666667,2.3333333,10.6666667,0.502671701936408,0.546719135411563,0.834735637445998,0.514705882352941,0.861904761904762,3.20238095238095,1.23809523809524,0,80.9523809523809,1.41765768043979,0.861209039521357,0.886567057501535,0.137116802408908,0.100885355524886,0.319192051921836,492,24.1869918699187,21.1382113821138,54.6747967479675,75.8130081300813,84,0.331349206349206,34.5238095238095,32,15,20,17
Corresponding author,Saudi,1,Descriptive,58,3.46551724137931,1.17241379310345,3.20689655172414,1.11620630504692,3.25,2.5,4,1,6.5,0.424418445539135,0.465623289545703,0.8290982484948,0.414285714285714,0.833333333333333,2.62068965517241,1.17241379310345,0,58.6206896551724,0.861209492913081,1.00573070594149,0.861209492913081,0.159420737664234,0.127158323239066,0.387231618382924,330,33.3333333333333,20.6060606060606,46.0606060606061,66.6666666666667,58,0.306034482758621,53.448275862069,12,12,11,23
Corresponding author,Saudi,1,Causal,146,6.55479452054795,2.18493150684932,5.9777397369863,1.83164214323211,5.6666667,4.5,7.125000025,2.3333333,12,0.48273339551039,0.527491247374002,0.850929080497234,0.5,0.866666666666667,3.12328767123288,1.15753424657534,0,78.7671232876712,1.281181699448,0.804216568523885,0.892020999941327,0.137516345280628,0.0903676852731411,0.28435898994944,847,26.2101534828808,19.952774498229,53.8370720188902,73.7898465171192,146,0.299657534246575,38.3561643835616,49,36,31,30
Corresponding author,Non-Saudi,2,Descriptive,23,3.26086956521739,1.08695652173913,3.08695652173913,0.900153697899363,3,2.25,3.75,1.5,4.5,0.449551414768806,0.473395445134576,0.842684610075914,0.428571428571429,0.857142857142857,2.60869565217391,1.08695652173913,0,52.1739130434783,0.733177609528977,0.782718481539738,0.733177609528977,0.114646040938969,0.118221691587121,0.453479206167162,130,34.6153846153846,19.2307692307692,46.1538461538462,65.3846153846154,23,0.449275362318841,43.4782608695652,8,6,2,7
Corresponding author,Non-Saudi,2,Causal,83,6.3855421686747,2.4578313253012,5.8102409746988,1.63057015389168,5.6666667,5,6.6666667,2.3333333,11,0.489365512824053,0.534121449711516,0.834565364282064,0.5,0.866666666666667,3.24096385542169,1.20481927710843,0,81.9277108433735,1.45921132072053,0.891564279528569,0.920750438164413,0.145709761087678,0.104705033709992,0.306436247317922,488,24.3852459016393,20.4918032786885,55.1229508196721,75.6147540983606,83,0.327911646586345,32.5301204819277,32,17,16,18
First author,Saudi,1,Descriptive,59,3.47457627118644,1.16949152542373,3.21186440677966,1.12266381889816,3.5,2.5,4,1,6.5,0.421744686575195,0.463946058649448,0.829573580844767,0.4,0.833333333333333,2.61016949152542,1.16949152542373,0,57.6271186440678,0.812669979522191,1.0002921840822,0.812669979522191,0.156946771677119,0.120400706632034,0.394367241461225,336,33.6309523809524,20.5357142857143,45.8333333333333,66.3690476190476,59,0.317796610169492,52.5423728813559,12,13,11,23
First author,Saudi,1,Causal,152,6.59868421052632,2.19736842105263,6.02686404539474,1.84355473794051,5.6666667,4.5,7.20833335,2.3333333,12,0.476821742606379,0.521612838408496,0.849812460207401,0.5,0.866666666666667,3.13157894736842,1.16447368421053,0,78.2894736842105,1.30733779176524,0.827380855361515,0.909436030374115,0.142799007215042,0.0925257924145605,0.281398211833373,881,25.8796821793417,20.0908059023837,54.0295119182747,74.1203178206583,152,0.299671052631579,37.5,53,37,29,33
First author,Non-Saudi,2,Descriptive,22,3.22727272727273,1.09090909090909,3.06818181818182,0.863209053549527,3,2.125,3.5,2,4.5,0.457864357864358,0.478246753246753,0.842027417027417,0.436507936507937,0.875,2.63636363636364,1.09090909090909,0,54.5454545454545,0.867897893330058,0.789542033951723,0.867897893330058,0.119251440306286,0.136083695229103,0.447589879618273,124,33.8709677419355,19.3548387096774,46.7741935483871,66.1290322580645,22,0.424242424242424,45.4545454545455,8,5,2,7
First author,Non-Saudi,2,Causal,77,6.28571428571429,2.45454545454545,5.70021646233766,1.56990262912698,5.6666667,5,6.6666667,2.3333333,10.6666667,0.5015520575681,0.546242220838554,0.835494506967307,0.5,0.857142857142857,3.23376623376623,1.19480519480519,0,83.1168831168831,1.42852016312663,0.85680102548135,0.889100092627091,0.134505538577181,0.102216985774718,0.313360382383225,454,24.8898678414097,20.2643171806167,54.8458149779736,75.1101321585903,77,0.33008658008658,33.7662337662338,28,16,18,15
Last author,Saudi,1,Descriptive,51,3.45098039215686,1.11764705882353,3.18627450980392,1.08609752929341,3,2.5,4,1,6.5,0.431318082788671,0.473836756924992,0.837542794895736,0.428571428571429,0.833333333333333,2.56862745098039,1.11764705882353,0,58.8235294117647,0.840168050416806,0.984985318891288,0.840168050416806,0.158474533116104,0.122593901937807,0.397788001475217,290,35.1724137931034,19.6551724137931,45.1724137931034,64.8275862068966,51,0.343137254901961,49.0196078431373,12,11,9,19
Last author,Saudi,1,Causal,133,6.57894736842105,2.24812030075188,6.01315790601504,1.75248867408038,5.6666667,4.6666667,7,2.3333333,12,0.473774275383077,0.518362702051588,0.845352594672877,0.5,0.857142857142857,3.15789473684211,1.18045112781955,0,81.203007518797,1.33941424916739,0.805681579172283,0.919770940408909,0.132802929173764,0.0954843566444803,0.265137518753072,774,25.4521963824289,20.2842377260982,54.2635658914729,74.5478036175711,133,0.288220551378446,37.593984962406,44,35,25,29
Last author,Non-Saudi,2,Descriptive,30,3.33333333333333,1.2,3.15,1.01836583088654,3,2,4,1.5,5.5,0.431957671957672,0.457619047619048,0.82515873015873,0.414285714285714,0.845238095238095,2.7,1.2,0,53.3333333333333,0.805155799872898,0.876906789368961,0.805155799872898,0.130318110885705,0.12835922469359,0.435320011178929,170,31.1764705882353,21.1764705882353,47.6470588235294,68.8235294117647,30,0.352777777777778,53.3333333333333,8,7,4,11
Last author,Non-Saudi,2,Causal,96,6.375,2.33333333333333,5.78385417708333,1.77002239053655,5.6666667,4.625000025,6.70833335,2.3333333,11,0.500879527947543,0.545870448643739,0.844507040588697,0.533333333333333,0.866666666666667,3.17708333333333,1.16666666666667,0,78.125,1.37394297488856,0.882517829450627,0.878595370213959,0.149256339792225,0.0969940402737024,0.325068406356133,561,25.668449197861,19.9643493761141,54.367201426025,74.331550802139,96,0.339930555555556,34.375,37,18,22,19
Sector composition,Academic-only,1,Descriptive,51,3.64705882352941,1.23529411764706,3.38235294117647,0.886500058060447,3.5,3,4,2,5.5,0.407648615001556,0.447786336756925,0.825863678804855,0.4,0.833333333333333,2.7843137254902,1.23529411764706,0,66.6666666666667,0.862281515379233,0.832195301361311,0.862281515379233,0.144675379635268,0.127726986501051,0.393458216576705,297,30.976430976431,21.2121212121212,47.8114478114478,69.023569023569,51,0.315359477124183,52.9411764705882,13,11,6,21
Sector composition,Academic-only,1,Causal,156,6.69871794871795,2.43589743589744,6.06356838589744,1.77202252218375,6,5,7.1666667,2.3333333,12,0.474458532815433,0.523300029039938,0.837228471860229,0.5,0.866666666666667,3.25641025641026,1.21794871794872,0,83.3333333333333,1.34969285480659,0.841441120718534,0.903718995683745,0.143314256672489,0.0958847791162916,0.296229619398948,922,24.295010845987,20.6073752711497,55.0976138828633,75.704989154013,156,0.303098290598291,37.1794871794872,51,40,28,37
Sector composition,Health-system,2,Descriptive,30,3,1,2.81666666666667,1.2281422284627,2.75,2,3.375,1,6.5,0.472195767195767,0.501904761904762,0.845013227513227,0.436507936507937,0.833333333333333,2.33333333333333,1,0,40,0.742781352708207,1.06133726101046,0.742781352708207,0.146566730734837,0.118834999115806,0.436811856181983,163,38.6503067484663,18.4049079754601,42.9447852760736,61.3496932515337,30,0.4,46.6666666666667,7,7,7,9
Sector composition,Health-system,2,Causal,73,6.05479452054795,1.95890410958904,5.60388129178082,1.70272231416023,5.5,4.5,6.6666667,2.3333333,11,0.507957290269941,0.54398627277301,0.861601772298791,0.538461538461538,0.866666666666667,2.97260273972603,1.08219178082192,0,72.6027397260274,1.30637705298517,0.798829051725886,0.893703664805657,0.131551068096407,0.0944772550736991,0.28486896207531,413,28.3292978208232,19.1283292978208,52.5423728813559,71.6707021791768,73,0.324429223744292,34.2465753424658,30,13,19,11
Single vs multi-sector,Single-sector,1,Descriptive,61,3.31147540983607,1.11475409836066,3.09836065573771,0.990873655464155,3,2,4,1,5.5,0.44504293520687,0.477836325787145,0.837867551392141,0.444444444444444,0.857142857142857,2.52459016393443,1.11475409836066,0,52.4590163934426,0.85826104528746,0.905659195964449,0.85826104528746,0.146738384465819,0.130604746587051,0.409973565276915,345,35.6521739130435,19.7101449275362,44.6376811594203,64.3478260869565,61,0.323770491803279,54.0983606557377,19,12,10,20
Single vs multi-sector,Single-sector,1,Causal,178,6.58988764044944,2.40449438202247,5.98595506629214,1.73879860463725,5.6666667,5,7,2.3333333,12,0.480667246207563,0.527256479781431,0.838671856271301,0.5,0.857142857142857,3.23033707865169,1.19662921348315,0,82.5842696629213,1.35479146454266,0.828708680916548,0.88973422530783,0.14256828925924,0.0961930002240864,0.291741253654041,1046,24.6653919694073,20.3632887189293,54.9713193116635,75.3346080305927,178,0.299812734082397,37.0786516853933,62,41,35,40
Single vs multi-sector,Multi-sector,2,Descriptive,20,3.7,1.25,3.4,1.23117402250218,3.5,2.875,4.125,1,6.5,0.390416666666667,0.437311507936508,0.81797619047619,0.4,0.833333333333333,2.9,1.25,0,70,0.716350399411379,1.02083557106808,0.716350399411379,0.147138362006519,0.103301132170237,0.410034943597202,115,27.8260869565217,21.7391304347826,50.4347826086956,72.1739130434783,20,0.416666666666667,40,1,6,3,10
Single vs multi-sector,Multi-sector,2,Causal,51,6.15686274509804,1.86274509803922,5.67647060196078,1.82769185466832,5.5,4.1666667,6.83333335,2.3333333,11,0.500738107528765,0.539100961599323,0.867078050425801,0.5,0.866666666666667,2.94117647058824,1.09803921568627,0,70.5882352941177,1.26522105330471,0.834548134163209,0.943502028843273,0.132040431725314,0.0924638968652749,0.293963227436643,289,28.719723183391,19.3771626297578,51.9031141868512,71.280276816609,51,0.345098039215686,33.3333333333333,19,12,12,8
JCR 2022 quartile,Q1,1,Descriptive,17,2.94117647058824,1.17647058823529,2.73529411764706,0.849956746304325,2.5,2,3.5,1.5,4.5,0.455718954248366,0.488713818860878,0.821008403361345,0.5,0.833333333333333,2.29411764705882,1.17647058823529,0,35.2941176470588,0.951005659660279,0.77174363314129,0.951005659660279,0.128364050098417,0.147898831775613,0.437003686737563,92,35.8695652173913,21.7391304347826,42.3913043478261,64.1304347826087,17,0.333333333333333,58.8235294117647,5,2,4,6
JCR 2022 quartile,Q1,1,Causal,47,6.91489361702128,2.14893617021277,6.33333334255319,1.86338997807396,6.3333333,5,7.5,3.6666667,12,0.465632590882904,0.508527094869345,0.854034840142475,0.470588235294118,0.866666666666667,3.25531914893617,0.957446808510638,0,87.2340425531915,1.38279369715105,0.793124945099062,0.931512253612854,0.13016949228816,0.0966791904106198,0.239588419485087,273,27.4725274725275,16.4835164835165,56.043956043956,72.5274725274725,47,0.34645390070922,21.2765957446809,14,15,9,9
JCR 2022 quartile,Q2,2,Descriptive,13,3.23076923076923,0.923076923076923,2.92307692307692,0.954073587443029,3,2,3.5,1.5,4.5,0.476923076923077,0.525854700854701,0.863858363858364,0.5,0.833333333333333,2.46153846153846,0.923076923076923,0,53.8461538461538,0.640512615220349,0.877058019307029,0.640512615220349,0.138217751688865,0.0941207691010837,0.473665466715671,72,38.8888888888889,16.6666666666667,44.4444444444444,61.1111111111111,13,0.346153846153846,61.5384615384615,5,1,4,3
JCR 2022 quartile,Q2,2,Causal,67,5.95522388059702,2.25373134328358,5.29850747313433,1.58174756533604,5.1666667,4.08333335,6.5,2.3333333,9,0.525694379272079,0.577345404421607,0.84877275659356,0.538461538461538,0.866666666666667,3.01492537313433,1.2089552238806,0,70.1492537313433,1.41788664313851,0.895993393398141,0.913490034657887,0.137207350077384,0.0985299061875714,0.350181405035999,389,27.2493573264781,20.8226221079692,51.9280205655527,72.7506426735219,67,0.379353233830846,32.8358208955224,31,6,17,13
JCR 2022 quartile,Q3,3,Descriptive,18,3.72222222222222,1.11111111111111,3.47222222222222,1.14368113386018,3.5,2.625,4,2,6.5,0.39402557319224,0.431757054673721,0.838734567901234,0.4,0.857142857142857,2.77777777777778,1.11111111111111,0,66.6666666666667,0.963381842865745,0.878203752021909,0.963381842865745,0.148692451440868,0.147177961319353,0.438377711745716,105,33.3333333333333,19.047619047619,47.6190476190476,66.6666666666667,18,0.453703703703704,38.8888888888889,4,6,0,8
JCR 2022 quartile,Q3,3,Causal,45,6.4,2.11111111111111,5.87037038222222,1.78973252987906,5.6666667,4.6666667,6.6666667,2.6666667,10.6666667,0.490874996463232,0.532603732787432,0.854487279242181,0.5,0.866666666666667,3.13333333333333,1.11111111111111,0,75.5555555555556,1.1525115306507,0.842075358320684,0.647450321794591,0.149944387183241,0.0840436917914916,0.270501674679639,261,26.8199233716475,19.1570881226054,54.0229885057471,73.1800766283525,45,0.289259259259259,37.7777777777778,17,11,9,8
JCR 2022 quartile,Q4,4,Descriptive,17,3.52941176470588,1.11764705882353,3.35294117647059,0.94810181880615,3.5,3,4,1,5,0.424042950513539,0.450583566760037,0.843720821661998,0.428571428571429,0.857142857142857,2.76470588235294,1.11764705882353,0,70.5882352941177,0.696630546019236,0.903424856082804,0.696630546019236,0.155647588963856,0.103456882175507,0.33272002401281,98,32.6530612244898,19.3877551020408,47.9591836734694,67.3469387755102,17,0.313725490196078,41.1764705882353,5,5,1,6
JCR 2022 quartile,Q4,4,Causal,20,6.4,2.65,5.916666675,1.64236671519883,6,5.249999975,6.6666667,2.3333333,9,0.483637281835811,0.524109585368648,0.821282223753199,0.5,0.834821428571428,3.3,1.5,0,90,1.30887657735053,0.656946685331786,1.14707866935281,0.137491749245921,0.0918283116093603,0.288516826310577,118,18.6440677966102,25.4237288135593,55.9322033898305,81.3559322033898,20,0.229166666666667,55,7,3,5,5
JCR 2022 quartile,None,5,Descriptive,16,3.5625,1.375,3.3125,1.25,3.25,2.375,4.5,1,5.5,0.41922123015873,0.457403273809524,0.802604166666667,0.4,0.746031746031746,2.75,1.375,0,56.25,0.806225774829855,1.23827837473378,0.806225774829855,0.168606559325083,0.116684479145375,0.392898476661545,93,29.0322580645161,23.6559139784946,47.3118279569892,70.9677419354839,16,0.276041666666667,56.25,1,4,4,7
JCR 2022 quartile,None,5,Causal,50,6.94,2.46,6.39666668,1.7116017380925,5.83333335,5,7.625000025,3.6666667,10.6666667,0.444560752972518,0.486270544094915,0.832391735371611,0.454545454545455,0.857142857142857,3.26,1.26,0,86,1.41724078002696,0.852607046364387,0.921622349502246,0.135755028668929,0.103758687489821,0.251661147842358,294,23.1292517006803,21.4285714285714,55.4421768707483,76.8707482993197,50,0.233333333333333,46,12,18,7,13
JCR Q1-2 vs Q3-4,Q1-Q2,1,Descriptive,30,3.06666666666667,1.06666666666667,2.81666666666667,0.885548080173432,3,2,3.5,1.5,4.5,0.464907407407407,0.504808201058201,0.839576719576719,0.5,0.833333333333333,2.36666666666667,1.06666666666667,0,43.3333333333333,0.827681986794667,0.808716877841527,0.827681986794667,0.130806410630811,0.127281352568879,0.445245924842397,164,37.1951219512195,19.5121951219512,43.2926829268293,62.8048780487805,30,0.338888888888889,60,10,3,8,9
JCR Q1-2 vs Q3-4,Q1-Q2,1,Causal,114,6.35087719298246,2.21052631578947,5.72514620877193,1.77102935196271,5.58333335,4.187500025,6.79166665,2.3333333,12,0.500932063006366,0.54897294346585,0.850942212091797,0.531372549019608,0.866666666666667,3.1140350877193,1.10526315789474,0,77.1929824561403,1.39831557461254,0.859705361442204,0.925244966870473,0.137022123031809,0.0973752022332671,0.308633889271734,662,27.3413897280967,19.0332326283988,53.6253776435045,72.6586102719033,114,0.36578947368421,28.0701754385965,45,21,26,22
JCR Q1-2 vs Q3-4,Q3-Q4,2,Descriptive,35,3.62857142857143,1.11428571428571,3.41428571428571,1.03955387975206,3.5,3,4,1,6.5,0.408605442176871,0.440901360544218,0.841156462585034,0.4,0.857142857142857,2.77142857142857,1.11428571428571,0,68.5714285714286,0.832127979814353,0.87735277919413,0.832127979814353,0.150621946674693,0.12599178122661,0.391434909678999,203,33.0049261083744,19.2118226600985,47.7832512315271,66.9950738916256,35,0.385714285714286,40,9,11,1,14
JCR Q1-2 vs Q3-4,Q3-Q4,2,Causal,65,6.4,2.27692307692308,5.88461539538462,1.73303359603673,5.6666667,5,6.6666667,2.3333333,10.6666667,0.488648007347102,0.529990148966268,0.844270339091725,0.5,0.866666666666667,3.18461538461538,1.23076923076923,0,80,1.21844794087207,0.788438085955147,0.843527392286973,0.145192060950274,0.0871663123066555,0.275315960679958,379,24.2744063324538,21.1081794195251,54.6174142480211,75.7255936675462,65,0.270769230769231,43.0769230769231,24,14,14,13
JCR Q1-2 vs Q3-4,None,3,Descriptive,16,3.5625,1.375,3.3125,1.25,3.25,2.375,4.5,1,5.5,0.41922123015873,0.457403273809524,0.802604166666667,0.4,0.746031746031746,2.75,1.375,0,56.25,0.806225774829855,1.23827837473378,0.806225774829855,0.168606559325083,0.116684479145375,0.392898476661545,93,29.0322580645161,23.6559139784946,47.3118279569892,70.9677419354839,16,0.276041666666667,56.25,1,4,4,7
JCR Q1-2 vs Q3-4,None,3,Causal,50,6.94,2.46,6.39666668,1.7116017380925,5.83333335,5,7.625000025,3.6666667,10.6666667,0.444560752972518,0.486270544094915,0.832391735371611,0.454545454545455,0.857142857142857,3.26,1.26,0,86,1.41724078002696,0.852607046364387,0.921622349502246,0.135755028668929,0.103758687489821,0.251661147842358,294,23.1292517006803,21.4285714285714,55.4421768707483,76.8707482993197,50,0.233333333333333,46,12,18,7,13
Funding,Funded,1,Descriptive,31,3.61290322580645,1.35483870967742,3.35483870967742,1.17042405696324,3.5,2.5,4,1.5,6.5,0.396799795186892,0.436821556579621,0.805005120327701,0.4,0.777777777777778,2.80645161290323,1.35483870967742,0,58.0645161290323,0.91463606958448,0.945845471477227,0.91463606958448,0.13653288714254,0.13918881740229,0.412958408984218,179,27.9329608938547,23.463687150838,48.6033519553073,72.0670391061452,31,0.341397849462366,51.6129032258064,5,7,5,14
Funding,Funded,1,Causal,111,6.54054054054054,2.36036036036036,5.92267268468468,1.71765607682456,6,4.58333335,7,2.3333333,10.6666667,0.482237486649251,0.53085844615024,0.840028956592424,0.5,0.866666666666667,3.18018018018018,1.18918918918919,0,83.7837837837838,1.31972995028799,0.799979524717502,0.909680398556783,0.135292864203896,0.0951503033497922,0.321383042158512,651,25.4992319508449,20.2764976958525,54.2242703533026,74.5007680491551,111,0.334234234234234,36.036036036036,34,28,24,25
Funding,Declared none,2,Descriptive,29,3.48275862068966,1.03448275862069,3.20689655172414,1.09802778864223,3.5,2.5,4,1,4.5,0.435974274767378,0.47818144499179,0.849356869184455,0.428571428571429,0.857142857142857,2.62068965517241,1.03448275862069,0,68.9655172413793,0.680480849981921,1.0492784290525,0.680480849981921,0.169038778601296,0.102090910295809,0.39935292489312,164,35.3658536585366,18.2926829268293,46.3414634146341,64.6341463414634,29,0.298850574712644,55.1724137931034,6,9,6,8
Funding,Declared none,2,Causal,57,6.63157894736842,2.24561403508772,6.08918129473684,1.80372875219378,5.5,5,7.5,3.1666667,11,0.475673498041919,0.516992924788273,0.849125784368981,0.5,0.857142857142857,3.26315789473684,1.14035087719298,0,80.7017543859649,1.40510169629901,0.8562024916846,0.895197434153655,0.147373400710561,0.098253801405063,0.258757433432791,334,24.8502994011976,19.4610778443114,55.688622754491,75.1497005988024,57,0.275438596491228,38.5964912280702,22,12,10,13
Funding,Not stated,3,Descriptive,21,3,1,2.85714285714286,0.744023809142845,3,2,3,2,4.5,0.476757369614513,0.499310279667423,0.851568405139834,0.5,0.857142857142857,2.33333333333333,1,0,38.0952380952381,0.836660026534076,0.730296743340221,0.836660026534076,0.124093879515891,0.126458515133868,0.426936918379205,117,40.1709401709402,17.9487179487179,41.8803418803419,59.8290598290598,21,0.420634920634921,42.8571428571429,9,2,2,8
Funding,Not stated,3,Causal,61,6.27868852459016,2.18032786885246,5.74590165081967,1.80626649713864,5.5,4.5,6.6666667,2.3333333,12,0.499256768892738,0.540195380443473,0.850183395036336,0.5,0.866666666666667,3.04918032786885,1.18032786885246,0,72.1311475409836,1.37244546608492,0.883670932496872,0.903847271783448,0.143610504726603,0.0962119510566209,0.265003064444826,350,26.2857142857143,20.5714285714286,53.1428571428571,73.7142857142857,61,0.297814207650273,34.4262295081967,25,13,13,10
