PMID,n,reviewer_1,reviewer_2
STUDY-0400,2,R9,R13
STUDY-1007,2,R2,R9
STUDY-0995,2,R7,R9
STUDY-0455,2,R4,R7
STUDY-0405,2,R3,R4
STUDY-0531,2,R4,R9
STUDY-0106,2,R3,R10
STUDY-0527,2,R2,R11
STUDY-0436,2,R1,R13
STUDY-0427,2,R1,R10
STUDY-0837,2,R1,R12
STUDY-0445,2,R6,R10
STUDY-0172,2,R3,R6
STUDY-0177,2,R1,R5
STUDY-0393,2,R3,R10
STUDY-0843,2,R4,R7
STUDY-0774,2,R1,R11
STUDY-0880,2,R6,R9
STUDY-0914,2,R11,R13
STUDY-0250,2,R1,R12
STUDY-0104,2,R2,R7
STUDY-0537,2,R7,R8
STUDY-0658,2,R6,R8
STUDY-0737,2,R4,R8
STUDY-0220,2,R3,R8
STUDY-0994,2,R7,R12
STUDY-0499,2,R4,R11
STUDY-0350,2,R9,R10
STUDY-0354,2,R4,R5
STUDY-0839,2,R12,R13
STUDY-0750,2,R5,R11
STUDY-0259,2,R5,R7
STUDY-0707,2,R7,R8
STUDY-0431,2,R8,R9
STUDY-0821,2,R5,R13
STUDY-1022,2,R4,R11
STUDY-0145,2,R6,R11
STUDY-0385,2,R1,R6
STUDY-0397,2,R3,R4
STUDY-0532,2,R2,R9
STUDY-0284,2,R3,R7
STUDY-0663,2,R4,R8
STUDY-0970,2,R12,R13
STUDY-0304,2,R2,R12
STUDY-0487,2,R10,R11
STUDY-0362,2,R1,R4
STUDY-0123,2,R3,R8
STUDY-0731,2,R4,R7
STUDY-0322,2,R7,R10
STUDY-0159,2,R1,R12
STUDY-0419,2,R2,R3
STUDY-0333,2,R9,R10
STUDY-0046,2,R3,R7
STUDY-0355,2,R2,R10
STUDY-0845,2,R4,R9
STUDY-0555,2,R6,R10
STUDY-0945,2,R3,R11
STUDY-0365,2,R9,R10
STUDY-0023,2,R4,R7
STUDY-0817,2,R5,R10
STUDY-0170,2,R8,R10
STUDY-0442,2,R9,R11
STUDY-0007,2,R2,R10
STUDY-0026,2,R1,R12
STUDY-0048,2,R5,R10
STUDY-0326,2,R4,R10
STUDY-0563,2,R9,R11
STUDY-0144,2,R9,R13
STUDY-0045,2,R10,R13
STUDY-0041,2,R3,R10
STUDY-0418,2,R2,R5
STUDY-0234,2,R8,R10
STUDY-0275,2,R4,R7
STUDY-0788,2,R6,R9
STUDY-0521,2,R7,R12
STUDY-0346,2,R6,R8
STUDY-0192,2,R1,R8
STUDY-0049,2,R12,R13
STUDY-0012,3,R3,R6
STUDY-0171,2,R3,R13
STUDY-0141,2,R1,R8
STUDY-0671,2,R7,R8
STUDY-0924,2,R1,R2
STUDY-0182,2,R5,R6
STUDY-0597,2,R1,R9
STUDY-0149,2,R4,R12
STUDY-0256,2,R1,R3
STUDY-0830,2,R2,R6
STUDY-0157,2,R7,R8
STUDY-0972,2,R1,R9
STUDY-0766,2,R8,R11
STUDY-0552,2,R10,R11
STUDY-0257,2,R10,R11
STUDY-0819,2,R5,R10
STUDY-0611,2,R1,R10
STUDY-0942,2,R5,R7
STUDY-0492,2,R4,R7
STUDY-0739,2,R4,R6
STUDY-0306,2,R8,R13
STUDY-0685,2,R7,R12
STUDY-0112,2,R1,R3
STUDY-0613,2,R3,R12
STUDY-0522,2,R3,R6
STUDY-0792,2,R9,R13
STUDY-0248,2,R5,R10
STUDY-0189,2,R11,R12
STUDY-0701,2,R1,R3
STUDY-0835,2,R4,R7
STUDY-0040,2,R4,R5
STUDY-0402,2,R3,R9
STUDY-0239,2,R3,R8
STUDY-0977,2,R1,R5
STUDY-0429,2,R2,R6
STUDY-0589,2,R2,R13
STUDY-0721,2,R5,R8
STUDY-0933,2,R1,R4
STUDY-0330,2,R3,R5
STUDY-0922,2,R1,R9
STUDY-0600,2,R4,R6
STUDY-0119,2,R3,R9
STUDY-0251,2,R1,R13
STUDY-0932,2,R3,R11
STUDY-0749,2,R11,R12
STUDY-0517,2,R6,R11
STUDY-0210,2,R12,R13
STUDY-0923,2,R7,R9
STUDY-0214,2,R6,R12
STUDY-0565,2,R3,R9
STUDY-0899,2,R5,R7
STUDY-0094,2,R8,R12
STUDY-0809,2,R2,R11
STUDY-0793,2,R7,R10
STUDY-0627,2,R3,R5
STUDY-0126,2,R9,R13
STUDY-0387,2,R3,R4
STUDY-0700,2,R1,R4
STUDY-0805,2,R9,R10
STUDY-0401,2,R2,R12
STUDY-0780,2,R10,R13
STUDY-0184,2,R1,R11
STUDY-0205,2,R1,R12
STUDY-0740,2,R12,R13
STUDY-0930,2,R6,R8
STUDY-0822,2,R7,R11
STUDY-1026,2,R8,R10
STUDY-0649,2,R3,R12
STUDY-0258,2,R5,R9
STUDY-0446,2,R3,R6
STUDY-0133,2,R8,R11
STUDY-0542,2,R2,R4
STUDY-0337,2,R11,R13
STUDY-0702,2,R9,R13
STUDY-0541,2,R1,R11
STUDY-0840,2,R2,R10
STUDY-0447,2,R1,R10
STUDY-0634,2,R2,R10
STUDY-0037,2,R3,R7
STUDY-1021,2,R2,R8
STUDY-0268,2,R6,R12
STUDY-0449,2,R6,R12
STUDY-0943,2,R1,R2
STUDY-0760,2,R1,R7
STUDY-0549,2,R1,R6
STUDY-0161,2,R6,R9
STUDY-0064,2,R9,R12
STUDY-0952,2,R1,R5
STUDY-0471,2,R1,R2
STUDY-0135,2,R8,R12
STUDY-0963,2,R6,R12
STUDY-0892,2,R6,R12
STUDY-0494,2,R4,R13
STUDY-0577,2,R2,R3
STUDY-0598,2,R7,R8
STUDY-0093,2,R8,R9
STUDY-0006,2,R1,R3
STUDY-0386,2,R1,R9
STUDY-0698,2,R1,R13
STUDY-0603,2,R1,R11
STUDY-1001,2,R3,R8
STUDY-0423,2,R10,R11
STUDY-0086,2,R3,R6
STUDY-0207,2,R4,R8
STUDY-0810,2,R10,R12
STUDY-0109,2,R1,R7
STUDY-1016,2,R7,R13
STUDY-0473,2,R6,R13
STUDY-0295,2,R5,R13
STUDY-0516,2,R7,R8
STUDY-0803,2,R12,R13
STUDY-0307,2,R10,R12
STUDY-0560,2,R2,R4
STUDY-0132,2,R2,R10
STUDY-0852,2,R7,R8
STUDY-0231,2,R3,R6
STUDY-0595,2,R7,R11
STUDY-0129,2,R10,R12
STUDY-0834,2,R4,R8
STUDY-0865,2,R5,R12
STUDY-0339,2,R10,R11
STUDY-0773,2,R1,R4
STUDY-0744,2,R5,R9
STUDY-0475,2,R5,R12
STUDY-0853,2,R9,R13
STUDY-0403,2,R4,R5
STUDY-0628,2,R8,R13
STUDY-0653,2,R8,R13
STUDY-0005,2,R6,R9
STUDY-0297,2,R6,R11
STUDY-0162,2,R9,R10
STUDY-0728,2,R12,R13
STUDY-0984,2,R11,R13
STUDY-0590,2,R10,R13
STUDY-0440,2,R2,R5
STUDY-0450,2,R3,R13
STUDY-0416,2,R3,R8
STUDY-0557,2,R6,R7
STUDY-0373,2,R4,R11
STUDY-0352,2,R1,R7
STUDY-0382,2,R1,R2
STUDY-0468,2,R2,R6
STUDY-0715,2,R1,R9
STUDY-0665,2,R4,R5
STUDY-0988,2,R8,R9
STUDY-0252,2,R6,R8
STUDY-0986,2,R4,R5
STUDY-0781,2,R4,R9
STUDY-0360,2,R8,R11
STUDY-0199,2,R5,R6
STUDY-1003,2,R9,R10
STUDY-0062,2,R7,R11
STUDY-0525,2,R2,R12
STUDY-0351,2,R2,R9
STUDY-0630,2,R3,R13
STUDY-0477,2,R11,R12
STUDY-0335,2,R2,R12
STUDY-0096,2,R2,R7
STUDY-0032,2,R1,R13
STUDY-0778,2,R8,R13
STUDY-0878,2,R5,R13
STUDY-0864,2,R3,R6
STUDY-0902,2,R3,R12
STUDY-0659,2,R9,R12
STUDY-0345,2,R3,R4
STUDY-0472,2,R2,R5
STUDY-0331,2,R5,R13
STUDY-0901,2,R1,R8
STUDY-0476,2,R6,R10
STUDY-1010,2,R4,R7
STUDY-1013,2,R6,R10
STUDY-0137,2,R11,R13
STUDY-0194,2,R5,R6
STUDY-0736,2,R7,R10
STUDY-0312,2,R8,R10
STUDY-0808,2,R4,R6
STUDY-0647,2,R6,R7
STUDY-0978,2,R7,R11
STUDY-0188,2,R3,R6
STUDY-0940,2,R4,R10
STUDY-0936,2,R5,R6
STUDY-0605,2,R5,R11
STUDY-0889,2,R5,R9
STUDY-0084,2,R6,R12
STUDY-1024,2,R1,R10
STUDY-0415,2,R5,R11
STUDY-0426,2,R2,R8
STUDY-0824,2,R4,R8
STUDY-0974,2,R1,R12
STUDY-0422,2,R5,R8
STUDY-0679,2,R2,R4
STUDY-0115,2,R11,R13
STUDY-0764,2,R3,R10
STUDY-0931,2,R3,R9
STUDY-0677,2,R11,R12
STUDY-0320,2,R3,R7
STUDY-0110,2,R2,R5
STUDY-0280,2,R6,R13
STUDY-0434,2,R2,R4
STUDY-0237,2,R5,R11
STUDY-0825,2,R4,R7
STUDY-0329,2,R2,R5
STUDY-0101,2,R1,R13
STUDY-0561,2,R4,R13
STUDY-0130,2,R1,R8
STUDY-0083,2,R5,R8
STUDY-0633,2,R6,R13
STUDY-0876,2,R2,R12
STUDY-0669,2,R1,R5
STUDY-0504,2,R2,R13
STUDY-0074,2,R2,R13
STUDY-0055,2,R1,R7
STUDY-0722,2,R6,R9
STUDY-0947,2,R2,R12
STUDY-0245,2,R8,R11
STUDY-0551,2,R8,R13
STUDY-0379,2,R2,R11
STUDY-0887,2,R1,R8
STUDY-0695,2,R2,R8
STUDY-0762,2,R2,R12
STUDY-0823,2,R4,R5
STUDY-0536,2,R5,R12
STUDY-0910,2,R3,R10
STUDY-0650,2,R4,R12
STUDY-0273,2,R2,R5
STUDY-0961,2,R3,R11
STUDY-0712,2,R2,R4
STUDY-0609,2,R3,R4
STUDY-0976,2,R5,R13
STUDY-0282,2,R12,R13
STUDY-0867,2,R3,R11
STUDY-0794,2,R8,R11
STUDY-0031,2,R1,R7
STUDY-0829,2,R3,R11
STUDY-0875,2,R2,R7
STUDY-0443,2,R2,R6
STUDY-0269,2,R6,R13
STUDY-0241,2,R5,R9
STUDY-0336,2,R7,R10
STUDY-0812,2,R10,R13
STUDY-0567,2,R6,R9
STUDY-0232,2,R6,R12
STUDY-0125,2,R2,R6
STUDY-0648,2,R9,R12
STUDY-0656,2,R3,R11
STUDY-0185,2,R6,R7
STUDY-0991,2,R8,R10
STUDY-0065,2,R7,R13
STUDY-0047,2,R9,R12
STUDY-0457,2,R4,R7
STUDY-0186,2,R10,R11
STUDY-0713,2,R5,R12
STUDY-0710,2,R7,R11
STUDY-0520,2,R5,R11
STUDY-0156,2,R1,R7
STUDY-0944,2,R1,R9
STUDY-0305,2,R6,R13
STUDY-0676,2,R5,R6
STUDY-0927,2,R7,R11
STUDY-0906,2,R2,R4
STUDY-0883,2,R3,R5
STUDY-0501,2,R3,R13
STUDY-0868,2,R7,R9
STUDY-0183,2,R2,R12
STUDY-0053,2,R5,R9
STUDY-0981,2,R7,R13
STUDY-0102,2,R11,R13
STUDY-0596,2,R6,R9
STUDY-0831,2,R4,R9
STUDY-0856,2,R3,R8
STUDY-0519,2,R2,R4
STUDY-0017,2,R2,R3
STUDY-0621,2,R5,R6
STUDY-0905,2,R5,R6
STUDY-0143,2,R6,R8
STUDY-0644,2,R2,R11
STUDY-0441,2,R5,R8
STUDY-0030,2,R2,R10
STUDY-0807,2,R9,R11
STUDY-0371,2,R9,R12
STUDY-0911,2,R6,R8
STUDY-0430,2,R4,R11
STUDY-0968,2,R7,R8
STUDY-0919,2,R1,R3
STUDY-0460,2,R5,R8
STUDY-0617,2,R4,R10
STUDY-0847,2,R3,R12
STUDY-0674,2,R3,R4
STUDY-0299,2,R1,R2
STUDY-0271,2,R5,R13
STUDY-0580,2,R2,R7
STUDY-0425,2,R1,R8
STUDY-0982,2,R2,R9
STUDY-0783,2,R7,R9
STUDY-0466,2,R2,R11
STUDY-0228,2,R1,R8
STUDY-0708,2,R5,R10
STUDY-0380,2,R10,R13
STUDY-0893,2,R10,R11
STUDY-0196,2,R4,R10
STUDY-0437,2,R2,R9
STUDY-0566,2,R1,R13
STUDY-0928,2,R5,R7
STUDY-0099,2,R3,R11
STUDY-0202,2,R1,R9
STUDY-0019,2,R10,R12
STUDY-0100,2,R4,R12
