Timestamp,Reviewer ID:,What was the PMID of the research paper?,Do you wish to recuse yourself from reviewing this study for any reason?,What was the study task or epidemiological paradigm?,What was the study design?,Did the study use data from Saudi Arabia or not?,What was the sampling technique?,Was a sample size calculation done?,"Did the authors account for ineligibility, non-response, loss to follow-up, etc. in sample size calculation?",Was the sample size needed achieved?,Was the baseline selection bias from the investigator accounted for?,What was the nature of the outcome?,Did the authors use validated measurement for the outcome?,Was the measurement bias in the outcome accounted for? ,Was there any participant with a missing outcome?,Any methods used for handling missing data in outcome?,Did the authors qualitatively mention the following errors in the discussion section? (select all that apply),Did the authors investigate any association beyond their primary intention of describing the sample? ,What was the study design?,Did the study use data from Saudi Arabia or not?,What was the study design?,Did the study use data from Saudi Arabia or not?,What was the sampling technique?,Was a sample size calculation done?,"Did the authors account for ineligibility, non-response, loss to follow-up, change in exposure status over time. etc. in sample size calculation?",Was the sample size needed achieved?,Was there selection into study as a result of selective invitation to participation (baseline selection bias from the investigator)? ,Was the baseline selection bias from the investigator accounted for?,Did the authors compare the distribution of the exposure and outcome between those included (responded) in the study and those not included (did not respond) in the study to check if there was selection bias due to participant' baseline non-response?,Was there loss to follow-up bias? ,Was the loss to follow-up bias accounted for? ,What was the nature of the exposure?,Did the authors use validated measurement for the exposure?,Was the measurement bias in the exposure differential or non-differential with respect to the outcome?,Was the measurement bias in the exposure accounted for? ,What was the nature of the outcome?,Did the authors use validated measurement for the outcome?,Was the measurement bias in the outcome differential or non-differential with respect to the exposure?,Was the measurement bias in the outcome accounted for? ,Was the exposure measurement bias independent or dependent of the outcome measurement bias?,What was/were the method(s) used for handling baseline confounding? (select all that apply),Was there baseline confounding in case of estimating time-fixed causal effect?,What was/were the method(s) used for handling time-varying confounding? (select all that apply),Was there time-varying confounding in case of estimating time-varying causal effect?,How did the authors determine the confounding variables that they have adjusted for? (select all that apply),Was there any participant with a missing exposure?,Any methods used for handling missing data in exposure?,Was there any participant with a missing outcome?,Any methods used for handling missing data in outcome?,Did the authors qualitatively mention the following errors in the discussion section? (select all that apply)
2024/06/10 7:12:58 PM GMT+3,9,STUDY-0747,"No, I do not wish to recuse myself.",Causal,Cross-sectional,No,Whole population was invited (no sample was taken),No sampling done,,No sampling done,No,Objective,"Yes, the authors conducted content/face validity or cited the content/face validity from other studies",No,Not reported or unknown,Not reported or unknown,Confounding bias,,Cross-sectional,No,Cross-sectional,No,Whole population was invited (no sample was taken),No sampling done,No sampling done,No sampling done,No,No,No,No follow-up,No follow-up,Objective,No,Differential with respect to the outcome,No,Objective,"Yes, the authors conducted content/face validity or cited the content/face validity from other studies",Differential with respect to the exposure,No,Dependent,Restriction,Yes,No adjustment for confounding was done,No time-varying effect estimated,Based on previous literature,Not reported or unknown,Not reported or unknown,Not reported or unknown,Not reported or unknown,Confounding bias
2024/06/10 10:40:42 PM GMT+3,9,STUDY-0070,"No, I do not wish to recuse myself.",Causal,Cross-sectional,Yes,Whole population was invited (no sample was taken),No sampling done,,No sampling done,No,Objective,No,No,Not reported or unknown,Not reported or unknown,None of the above,,Cross-sectional,Yes,Cross-sectional,Yes,Whole population was invited (no sample was taken),No sampling done,No sampling done,No sampling done,No,No,No baseline selection bias from from participants non-response,No follow-up,No follow-up,Objective,No,Differential with respect to the outcome,No,Objective,No,Differential with respect to the exposure,No,Dependent,No adjustment for confounding was done,Yes,No adjustment for confounding was done,Yes,No adjustment for confounding was done,Not reported or unknown,Not reported or unknown,Not reported or unknown,Not reported or unknown,None of the above
2024/06/13 12:55:08 PM GMT+3,6,STUDY-0747,"No, I do not wish to recuse myself.",Causal,Cross-sectional,No,Non-random,Yes,,Yes,No,Objective,No,No,Not reported or unknown,Not reported or unknown,Confounding bias,,Cross-sectional,No,Cross-sectional,No,Non-random,Yes,No,Yes,Yes,No,No,No follow-up,No follow-up,Objective,"This type of objective measurement does not usually require validation (e.g., surgical intervention)",Non-differential with respect to the outcome,No,Objective,No,Non-differential with respect to the exposure,No,Independent,Restriction,Yes,No time-varying effect estimated,No time-varying effect estimated,Based on previous literature;Based on none of the above,Not reported or unknown,Not reported or unknown,Not reported or unknown,Not reported or unknown,Confounding bias
2024/06/13 12:55:58 PM GMT+3,10,STUDY-0747,"No, I do not wish to recuse myself.",Causal,Cross-sectional,No,Whole population was invited (no sample was taken),Yes,,Yes,No baseline selection bias from investigator,Objective,"Yes, the authors conducted content/face validity or cited the content/face validity from other studies",No,No,No missing data in outcome,Random error;Selection bias;Confounding bias,,Cross-sectional,No,Cross-sectional,No,Whole population was invited (no sample was taken),Yes,No sampling done,Yes,No,No baseline selection bias from investigator,No,No follow-up,No follow-up,Objective,"This type of objective measurement does not usually require validation (e.g., surgical intervention)",Non-differential with respect to the outcome,No,Objective,"Yes, the authors conducted content/face validity or cited the content/face validity from other studies",Non-differential with respect to the exposure,No,Independent,No adjustment for confounding was done,Yes,No time-varying effect estimated,No time-varying effect estimated,Based on previous literature;No adjustment for confounding was done,No,No missing data in exposure,No,No missing data in outcome,Random error;Selection bias;Confounding bias
2024/06/13 1:28:12 PM GMT+3,6,STUDY-0070,"No, I do not wish to recuse myself.",Causal,Cross-sectional,Yes,Non-random,No,,No sample size calculation done,No,Objective,No,No,Not reported or unknown,Not reported or unknown,Selection bias,,Cross-sectional,Yes,Cross-sectional,Yes,Non-random,No,No sample size calculation done,No sample size calculation done,Yes,No,No,No follow-up,No follow-up,Objective,"This type of objective measurement does not usually require validation (e.g., surgical intervention)",Differential with respect to the outcome,No,Objective,No,Differential with respect to the exposure,No,Dependent,No adjustment for confounding was done,Yes,No time-varying effect estimated,No time-varying effect estimated,No adjustment for confounding was done,Not reported or unknown,Not reported or unknown,Not reported or unknown,Not reported or unknown,Selection bias
2024/06/13 1:40:36 PM GMT+3,6,STUDY-0704,"No, I do not wish to recuse myself.",Causal,Cohort (including clinical trials without randomization),Yes,Non-random,No,,No sample size calculation done,No,Objective,No,No,Not reported or unknown,Not reported or unknown,None of the above,,Cohort (including clinical trials without randomization),Yes,Cohort (including clinical trials without randomization),Yes,Non-random,No,No sample size calculation done,No sample size calculation done,Yes,No,No,Not reported or unknown,Not reported or unknown,Objective,"This type of objective measurement does not usually require validation (e.g., surgical intervention)",Non-differential with respect to the outcome,No,Objective,No,Differential with respect to the exposure,No,Independent,No adjustment for confounding was done,Yes,No time-varying effect estimated,No time-varying effect estimated,No adjustment for confounding was done,Not reported or unknown,Not reported or unknown,Not reported or unknown,Not reported or unknown,None of the above
2024/06/13 1:53:05 PM GMT+3,10,STUDY-0070,"No, I do not wish to recuse myself.",Causal,Cross-sectional,Yes,Non-random,No,,No sample size calculation done,No,Objective,No,No,No,No missing data in outcome,None of the above,,Cross-sectional,Yes,Cross-sectional,Yes,Non-random,No,No sample size calculation done,No sample size calculation done,Yes,No,No,No follow-up,No follow-up,Objective,"This type of objective measurement does not usually require validation (e.g., surgical intervention)",Non-differential with respect to the outcome,No,Objective,No,Differential with respect to the exposure,No,Dependent,No adjustment for confounding was done,No,No time-varying effect estimated,No time-varying effect estimated,No adjustment for confounding was done,No,No missing data in exposure,No,No missing data in outcome,None of the above
2024/06/13 2:45:27 PM GMT+3,10,STUDY-0704,"No, I do not wish to recuse myself.",Causal,Cohort (including clinical trials without randomization),Yes,Non-random,No,,No sample size calculation done,No,Objective,No,No,Not reported or unknown,Not reported or unknown,None of the above,,Cohort (including clinical trials without randomization),Yes,Cohort (including clinical trials without randomization),Yes,Non-random,No,No sample size calculation done,No sample size calculation done,Yes,No,No,Not reported or unknown,Not reported or unknown,Objective,"Yes, the authors conducted content/face validity or cited the content/face validity from other studies",Non-differential with respect to the outcome,No,Objective,No,Differential with respect to the exposure,No,Dependent,No adjustment for confounding was done,Yes,No time-varying effect estimated,No time-varying effect estimated,No adjustment for confounding was done,No,No missing data in exposure,Not reported or unknown,Not reported or unknown,None of the above
2024/06/13 4:34:53 PM GMT+3,9,STUDY-0704,"No, I do not wish to recuse myself.",Causal,Cohort (including clinical trials without randomization),Yes,Whole population was invited (no sample was taken),No sampling done,,No sampling done,No baseline selection bias from investigator,Objective,"Yes, the authors conducted content/face validity or cited the content/face validity from other studies",No,Not reported or unknown,Not reported or unknown,Random error,,Cohort (including clinical trials without randomization),Yes,Cohort (including clinical trials without randomization),Yes,Whole population was invited (no sample was taken),No sampling done,No sampling done,No sampling done,No,No baseline selection bias from investigator,No baseline selection bias from from participants non-response,No follow-up,No follow-up,Objective,"This type of objective measurement does not usually require validation (e.g., surgical intervention)",Differential with respect to the outcome,No,Objective,"Yes, the authors conducted content/face validity or cited the content/face validity from other studies",Differential with respect to the exposure,No,Dependent,No adjustment for confounding was done,No,No adjustment for confounding was done,No time-varying effect estimated,No adjustment for confounding was done,Not reported or unknown,Not reported or unknown,Not reported or unknown,Not reported or unknown,Random error
2024/06/13 9:49:44 PM GMT+3,4,STUDY-0747,"No, I do not wish to recuse myself.",Causal,Cross-sectional,No,Whole population was invited (no sample was taken),Yes,,Yes,No,Objective,"Yes, the authors conducted criterion validity or cited the criterion validity from other studies",No,No,No missing data in outcome,Random error,,Cross-sectional,No,Cross-sectional,No,Whole population was invited (no sample was taken),Yes,No sampling done,Yes,No,No,No,No follow-up,No follow-up,Objective,No,Differential with respect to the outcome,No,Objective,"Yes, the authors conducted criterion validity or cited the criterion validity from other studies",Non-differential with respect to the exposure,No,Independent,Restriction,No,No time-varying effect estimated,No time-varying effect estimated,Based on previous literature;No adjustment for confounding was done,No,No missing data in exposure,No,No missing data in outcome,Random error
2024/06/13 10:41:10 PM GMT+3,4,STUDY-0070,"No, I do not wish to recuse myself.",Causal,Cross-sectional,No,Non-random,No,,No sample size calculation done,No,Objective,"This type of objective measurement does not usually require validation (e.g., surgical intervention)",No,No,No missing data in outcome,Random error;Selection bias,,Cross-sectional,No,Cross-sectional,No,Non-random,No,No sample size calculation done,No sample size calculation done,Yes,No,No,No follow-up,No follow-up,Objective,"This type of objective measurement does not usually require validation (e.g., surgical intervention)",Non-differential with respect to the outcome,No,Objective,"This type of objective measurement does not usually require validation (e.g., surgical intervention)",Non-differential with respect to the exposure,No,Independent,No adjustment for confounding was done,Yes,No time-varying effect estimated,No time-varying effect estimated,No adjustment for confounding was done,No,No missing data in exposure,No,No missing data in outcome,Random error;Selection bias
2024/06/13 11:04:17 PM GMT+3,4,STUDY-0704,"No, I do not wish to recuse myself.",Causal,Cohort (including clinical trials without randomization),Yes,Non-random,No,,No sample size calculation done,No,Objective,No,No,Not reported or unknown,Not reported or unknown,Random error;Measurement bias;Missing data,,Cohort (including clinical trials without randomization),Yes,Cohort (including clinical trials without randomization),Yes,Non-random,No,No sample size calculation done,No sample size calculation done,Yes,No,No,Not reported or unknown,Not reported or unknown,Objective,No,Non-differential with respect to the outcome,No,Objective,No,Non-differential with respect to the exposure,No,Dependent,No adjustment for confounding was done,Yes,No adjustment for confounding was done,No,No adjustment for confounding was done,Not reported or unknown,Not reported or unknown,Not reported or unknown,Not reported or unknown,Random error;Measurement bias;Missing data
2024/06/15 12:47:32 AM GMT+3,14,STUDY-0747,"No, I do not wish to recuse myself.",Causal,Cross-sectional,No,Non-random,Yes,,Yes,No,Objective,"Yes, the authors conducted content/face validity or cited the content/face validity from other studies",No,Not reported or unknown,Not reported or unknown,None of the above,,Cross-sectional,No,Cross-sectional,No,Non-random,Yes,No,Yes,Yes,No,No,No follow-up,No follow-up,Objective,"Yes, the authors conducted criterion validity or cited the criterion validity from other studies",Differential with respect to the outcome,No,Objective,"Yes, the authors conducted content/face validity or cited the content/face validity from other studies",Non-differential with respect to the exposure,No,Independent,Regression,Yes,No time-varying effect estimated,No time-varying effect estimated,Based on none of the above,Not reported or unknown,Not reported or unknown,Not reported or unknown,Not reported or unknown,None of the above
2024/06/15 1:50:07 AM GMT+3,14,STUDY-0070,"No, I do not wish to recuse myself.",Causal,Cross-sectional,Yes,Non-random,No,,No sample size calculation done,No,Subjective,No,No,Not reported or unknown,Not reported or unknown,None of the above,,Cross-sectional,Yes,Cross-sectional,Yes,Non-random,No,No sample size calculation done,No sample size calculation done,Yes,No,No,No follow-up,No follow-up,Objective,"This type of objective measurement does not usually require validation (e.g., surgical intervention)",Differential with respect to the outcome,No,Subjective,No,Differential with respect to the exposure,No,Dependent,No adjustment for confounding was done,Yes,No time-varying effect estimated,No time-varying effect estimated,No adjustment for confounding was done,Not reported or unknown,Not reported or unknown,Not reported or unknown,Not reported or unknown,None of the above
2024/06/15 3:24:52 AM GMT+3,14,STUDY-0704,"No, I do not wish to recuse myself.",Causal,Cohort (including clinical trials without randomization),Yes,Non-random,No,,No sample size calculation done,No,Objective,"This type of objective measurement does not usually require validation (e.g., surgical intervention)",No,No,No missing data in outcome,None of the above,,Cohort (including clinical trials without randomization),Yes,Cohort (including clinical trials without randomization),Yes,Non-random,No,No sample size calculation done,No sample size calculation done,Yes,No,No,Not reported or unknown,Not reported or unknown,Objective,"This type of objective measurement does not usually require validation (e.g., surgical intervention)",Non-differential with respect to the outcome,No,Objective,"This type of objective measurement does not usually require validation (e.g., surgical intervention)",Non-differential with respect to the exposure,No,Dependent,No adjustment for confounding was done,Yes,No adjustment for confounding was done;No time-varying effect estimated,No time-varying effect estimated,No adjustment for confounding was done,No,No missing data in exposure,No,No missing data in outcome,None of the above
2024/06/22 2:07:43 PM GMT+3,1,STUDY-0747,"No, I do not wish to recuse myself.",Causal,Cross-sectional,No,Whole population was invited (no sample was taken),Yes,,Yes,No,Objective,"Yes, the authors conducted criterion validity or cited the criterion validity from other studies",No,Not reported or unknown,Not reported or unknown,None of the above,,Cross-sectional,No,Cross-sectional,No,Whole population was invited (no sample was taken),Yes,No,Yes,No,No,No,No follow-up,No follow-up,Objective,"This type of objective measurement does not usually require validation (e.g., surgical intervention)",Non-differential with respect to the outcome,No,Objective,"Yes, the authors conducted criterion validity or cited the criterion validity from other studies",Differential with respect to the exposure,No,Independent,Regression,No,No time-varying effect estimated,No time-varying effect estimated,Based on previous literature,Not reported or unknown,Not reported or unknown,Not reported or unknown,Not reported or unknown,None of the above
2024/06/22 6:51:48 PM GMT+3,7,STUDY-0747,"No, I do not wish to recuse myself.",Causal,Cross-sectional,No,Random,Yes,,Yes,No,Objective,"Yes, the authors conducted content/face validity or cited the content/face validity from other studies",No,No,No missing data in outcome,Selection bias;Confounding bias,,Cross-sectional,No,Cross-sectional,No,Random,Yes,No,Yes,No,No,No,No follow-up,No follow-up,Subjective,No,Non-differential with respect to the outcome,No,Objective,"Yes, the authors conducted content/face validity or cited the content/face validity from other studies",Non-differential with respect to the exposure,No,Independent,Restriction,No,No time-varying effect estimated,No time-varying effect estimated,No adjustment for confounding was done,No,No missing data in exposure,No,No missing data in outcome,Selection bias;Confounding bias
2024/06/22 7:29:35 PM GMT+3,7,STUDY-0070,"No, I do not wish to recuse myself.",Causal,Cross-sectional,Yes,Whole population was invited (no sample was taken),No sampling done,,No sampling done,No baseline selection bias from investigator,Objective,No,No,Not reported or unknown,Not reported or unknown,None of the above,,Cross-sectional,Yes,Cross-sectional,Yes,Whole population was invited (no sample was taken),No sampling done,No sampling done,No sampling done,No,No baseline selection bias from investigator,No,No follow-up,No follow-up,Subjective,No,Non-differential with respect to the outcome,No,Objective,No,Non-differential with respect to the exposure,No,Independent,No adjustment for confounding was done,No,No time-varying effect estimated,No time-varying effect estimated,No adjustment for confounding was done,No,No missing data in exposure,Not reported or unknown,Not reported or unknown,None of the above
2024/06/22 8:01:18 PM GMT+3,7,STUDY-0704,"No, I do not wish to recuse myself.",Causal,Cohort (including clinical trials without randomization),Yes,Non-random,No,,No sample size calculation done,No,Objective,"Yes, the authors conducted criterion validity or cited the criterion validity from other studies",No,Not reported or unknown,Not reported or unknown,None of the above,,Cohort (including clinical trials without randomization),Yes,Cohort (including clinical trials without randomization),Yes,Non-random,No,No sample size calculation done,No sample size calculation done,Yes,No,No,Not reported or unknown,Not reported or unknown,Objective,"This type of objective measurement does not usually require validation (e.g., surgical intervention)",Non-differential with respect to the outcome,No,Objective,"Yes, the authors conducted criterion validity or cited the criterion validity from other studies",Non-differential with respect to the exposure,No,Independent,No adjustment for confounding was done,Yes,No adjustment for confounding was done,Yes,No adjustment for confounding was done,No,No missing data in exposure,Not reported or unknown,Not reported or unknown,None of the above
2024/06/23 7:03:34 PM GMT+3,1,STUDY-0070,"No, I do not wish to recuse myself.",Causal,Cross-sectional,Yes,Whole population was invited (no sample was taken),No sampling done,,No sampling done,No,Objective,"This type of objective measurement does not usually require validation (e.g., surgical intervention)",No,Not reported or unknown,Not reported or unknown,None of the above,,Cross-sectional,Yes,Cross-sectional,Yes,Whole population was invited (no sample was taken),No sampling done,No sampling done,No sampling done,No,No,Yes,No follow-up,No follow-up,Objective,"This type of objective measurement does not usually require validation (e.g., surgical intervention)",Differential with respect to the outcome,No,Objective,"This type of objective measurement does not usually require validation (e.g., surgical intervention)",Differential with respect to the exposure,No,Dependent,No adjustment for confounding was done,Yes,No adjustment for confounding was done;No time-varying effect estimated,No time-varying effect estimated,No adjustment for confounding was done,Not reported or unknown,Not reported or unknown,Not reported or unknown,Not reported or unknown,None of the above
2024/06/23 8:45:50 PM GMT+3,1,STUDY-0704,"No, I do not wish to recuse myself.",Causal,Cohort (including clinical trials without randomization),Yes,Non-random,No,,No sample size calculation done,No,Objective,"This type of objective measurement does not usually require validation (e.g., surgical intervention)",No,Not reported or unknown,Not reported or unknown,None of the above,,Cohort (including clinical trials without randomization),Yes,Cohort (including clinical trials without randomization),Yes,Non-random,No,No sample size calculation done,No sample size calculation done,Yes,No,Yes,Not reported or unknown,Not reported or unknown,Objective,"This type of objective measurement does not usually require validation (e.g., surgical intervention)",Non-differential with respect to the outcome,No,Objective,"This type of objective measurement does not usually require validation (e.g., surgical intervention)",Differential with respect to the exposure,No,Dependent,No adjustment for confounding was done,Yes,No time-varying effect estimated,No time-varying effect estimated,No adjustment for confounding was done,Not reported or unknown,Not reported or unknown,Not reported or unknown,Not reported or unknown,None of the above
2024/06/24 1:38:07 AM GMT+3,2,STUDY-0747,"No, I do not wish to recuse myself.",Causal,Cross-sectional,No,Non-random,Yes,,Yes,No,Objective,No,No,Not reported or unknown,Not reported or unknown,None of the above,,Cross-sectional,No,Cross-sectional,No,Non-random,Yes,No,Yes,Yes,No,No,No follow-up,No follow-up,Subjective,No,Differential with respect to the outcome,No,Objective,No,Non-differential with respect to the exposure,No,Independent,Matching,No,No time-varying effect estimated,No,Based on Directed Acyclic Graphs (DAGs)/subject matter expertise;Based on previous literature,No,No missing data in exposure,Not reported or unknown,Not reported or unknown,None of the above
2024/06/24 10:35:05 AM GMT+3,2,STUDY-0070,"No, I do not wish to recuse myself.",Causal,Cross-sectional,Yes,Whole population was invited (no sample was taken),No sampling done,,No sampling done,No,Objective,"Yes, the authors conducted content/face validity or cited the content/face validity from other studies",No,Not reported or unknown,Not reported or unknown,None of the above,,Cross-sectional,Yes,Cross-sectional,Yes,Whole population was invited (no sample was taken),No sampling done,No sampling done,No sampling done,No,No,Yes,Not reported or unknown,No loss to follow-up bias,Objective,"Yes, the authors conducted content/face validity or cited the content/face validity from other studies",Non-differential with respect to the outcome,Yes,Objective,"Yes, the authors conducted content/face validity or cited the content/face validity from other studies",Non-differential with respect to the exposure,No,Independent,No adjustment for confounding was done,Yes,No time-varying effect estimated,Yes,Based on none of the above,Not reported or unknown,Not reported or unknown,Not reported or unknown,Not reported or unknown,None of the above
2024/06/28 5:11:27 PM GMT+3,5,STUDY-0747,"No, I do not wish to recuse myself.",Causal,Cross-sectional,No,Non-random,Yes,,Yes,No,Objective,"Yes, the authors conducted criterion validity or cited the criterion validity from other studies",No,Not reported or unknown,Not reported or unknown,Random error;Selection bias;Confounding bias,,Cross-sectional,No,Cross-sectional,No,Non-random,Yes,No,Yes,Yes,No,No,No follow-up,No follow-up,Objective,"This type of objective measurement does not usually require validation (e.g., surgical intervention)",Non-differential with respect to the outcome,No,Objective,"Yes, the authors conducted criterion validity or cited the criterion validity from other studies",Non-differential with respect to the exposure,No,Independent,No adjustment for confounding was done,No,No time-varying effect estimated,No time-varying effect estimated,No adjustment for confounding was done,Not reported or unknown,Not reported or unknown,Not reported or unknown,Not reported or unknown,Random error;Selection bias;Confounding bias
2024/06/28 5:51:36 PM GMT+3,8,STUDY-0747,"No, I do not wish to recuse myself.",Causal,Cross-sectional,No,Non-random,Yes,,Yes,No,Objective,"Yes, the authors conducted content/face validity or cited the content/face validity from other studies",No,No,No missing data in outcome,Measurement bias;Confounding bias,,Cross-sectional,No,Cross-sectional,No,Non-random,Yes,No,Yes,Yes,No,No,No follow-up,No follow-up,Subjective,No,Non-differential with respect to the outcome,No,Objective,"Yes, the authors conducted content/face validity or cited the content/face validity from other studies",Non-differential with respect to the exposure,No,Independent,Restriction,Yes,No time-varying effect estimated,No time-varying effect estimated,Based on previous literature,No,No missing data in exposure,No,No missing data in outcome,Measurement bias;Confounding bias
2024/06/29 1:18:39 PM GMT+3,5,STUDY-0070,"No, I do not wish to recuse myself.",Causal,Cross-sectional,Yes,Non-random,No sampling done,,No sampling done,No,Objective,No,No,Not reported or unknown,Not reported or unknown,Selection bias;Measurement bias,,Cross-sectional,Yes,Cross-sectional,Yes,Non-random,No sampling done,No sampling done,No sampling done,Yes,No,No,No follow-up,No follow-up,Objective,No,Non-differential with respect to the outcome,No,Objective,No,Non-differential with respect to the exposure,No,Dependent,No adjustment for confounding was done,No,No time-varying effect estimated,No time-varying effect estimated,No adjustment for confounding was done,Not reported or unknown,Not reported or unknown,Not reported or unknown,Not reported or unknown,Selection bias;Measurement bias
2024/06/29 1:38:58 PM GMT+3,5,STUDY-0704,"No, I do not wish to recuse myself.",Causal,Cohort (including clinical trials without randomization),Yes,Whole population was invited (no sample was taken),No sampling done,,No sampling done,No,Objective,"Yes, the authors conducted criterion validity or cited the criterion validity from other studies",No,Not reported or unknown,Not reported or unknown,Random error;Selection bias;Measurement bias;Confounding bias,,Cohort (including clinical trials without randomization),Yes,Cohort (including clinical trials without randomization),Yes,Whole population was invited (no sample was taken),No sampling done,No sampling done,No sampling done,No,No,No,Not reported or unknown,Not reported or unknown,Objective,"Yes, the authors conducted criterion validity or cited the criterion validity from other studies",Differential with respect to the outcome,No,Objective,"Yes, the authors conducted criterion validity or cited the criterion validity from other studies",Differential with respect to the exposure,No,Independent,No adjustment for confounding was done,No,No time-varying effect estimated,No time-varying effect estimated,No adjustment for confounding was done,Not reported or unknown,Not reported or unknown,Not reported or unknown,Not reported or unknown,Random error;Selection bias;Measurement bias;Confounding bias
2024/06/29 7:26:36 PM GMT+3,8,STUDY-0070,"No, I do not wish to recuse myself.",Causal,Cross-sectional,Yes,Non-random,No sampling done,,No sampling done,No,Objective,No,No,No,No missing data in outcome,Selection bias,,Cross-sectional,Yes,Cross-sectional,Yes,Non-random,No sampling done,No sample size calculation done,No sampling done,Yes,No,No,No follow-up,No follow-up,Objective,"This type of objective measurement does not usually require validation (e.g., surgical intervention)",Non-differential with respect to the outcome,No,Objective,No,Non-differential with respect to the exposure,No,Dependent,No adjustment for confounding was done,Yes,No time-varying effect estimated,No time-varying effect estimated,No adjustment for confounding was done,No,No missing data in exposure,No,No missing data in outcome,Selection bias
2024/06/29 8:47:44 PM GMT+3,8,STUDY-0704,"No, I do not wish to recuse myself.",Causal,Cohort (including clinical trials without randomization),Yes,Non-random,No,,No sample size calculation done,Yes,Objective,"This type of objective measurement does not usually require validation (e.g., surgical intervention)",No,Not reported or unknown,Not reported or unknown,None of the above,,Cohort (including clinical trials without randomization),Yes,Cohort (including clinical trials without randomization),Yes,Non-random,No,No sample size calculation done,No sample size calculation done,Yes,Yes,No,No,No loss to follow-up bias,Objective,"This type of objective measurement does not usually require validation (e.g., surgical intervention)",Non-differential with respect to the outcome,No,Objective,"This type of objective measurement does not usually require validation (e.g., surgical intervention)",Non-differential with respect to the exposure,No,Independent,No adjustment for confounding was done,Yes,No time-varying effect estimated,No time-varying effect estimated,No adjustment for confounding was done,No,No missing data in exposure,Not reported or unknown,Not reported or unknown,None of the above
2024/06/30 11:56:02 AM GMT+3,12,STUDY-0747,"No, I do not wish to recuse myself.",Causal,Cross-sectional,No,Non-random,Yes,,Yes,No,Objective,No,No,Not reported or unknown,Not reported or unknown,Confounding bias,,Cross-sectional,No,Cross-sectional,No,Non-random,Yes,No,Yes,Yes,No,No,No follow-up,No follow-up,Objective,No,Differential with respect to the outcome,No,Objective,No,Non-differential with respect to the exposure,No,Independent,No adjustment for confounding was done,No,No time-varying effect estimated,No time-varying effect estimated,No adjustment for confounding was done,Not reported or unknown,Not reported or unknown,Not reported or unknown,Not reported or unknown,Confounding bias
2024/06/30 11:17:03 PM GMT+3,12,STUDY-0070,"No, I do not wish to recuse myself.",Causal,Cross-sectional,No,Whole population was invited (no sample was taken),No sampling done,,No sampling done,No baseline selection bias from investigator,Objective,No,No,Not reported or unknown,Not reported or unknown,None of the above,,Cross-sectional,No,Cross-sectional,No,Whole population was invited (no sample was taken),No sampling done,No sampling done,No sampling done,No,No baseline selection bias from investigator,No,No follow-up,No follow-up,Objective,No,Differential with respect to the outcome,No,Objective,No,Non-differential with respect to the exposure,No,Dependent,No adjustment for confounding was done,No,No time-varying effect estimated,No time-varying effect estimated,No adjustment for confounding was done,Not reported or unknown,Not reported or unknown,Not reported or unknown,Not reported or unknown,None of the above
2024/07/02 7:48:53 PM GMT+3,12,STUDY-0704,"No, I do not wish to recuse myself.",Causal,Cohort (including clinical trials without randomization),Yes,Non-random,No,,No sample size calculation done,No,Objective,No,No,Not reported or unknown,Not reported or unknown,None of the above,,Cohort (including clinical trials without randomization),Yes,Cohort (including clinical trials without randomization),Yes,Non-random,No,No sample size calculation done,No sample size calculation done,Yes,No,No,Not reported or unknown,Not reported or unknown,Objective,No,Differential with respect to the outcome,No,Objective,No,Differential with respect to the exposure,No,Dependent,No adjustment for confounding was done,No,No time-varying effect estimated,No time-varying effect estimated,No adjustment for confounding was done,Not reported or unknown,Not reported or unknown,Not reported or unknown,Not reported or unknown,None of the above
2024/07/03 1:41:02 PM GMT+3,2,STUDY-0704,"No, I do not wish to recuse myself.",Causal,Cohort (including clinical trials without randomization),Yes,Whole population was invited (no sample was taken),No sampling done,,No sampling done,No baseline selection bias from investigator,Objective,"Yes, the authors conducted content/face validity or cited the content/face validity from other studies",No,Not reported or unknown,Not reported or unknown,Selection bias,,Cohort (including clinical trials without randomization),Yes,Cohort (including clinical trials without randomization),Yes,Whole population was invited (no sample was taken),No sampling done,No sample size calculation done,No sampling done,No,No baseline selection bias from investigator,No baseline selection bias from from participants non-response,Not reported or unknown,Not reported or unknown,Objective,"Yes, the authors conducted content/face validity or cited the content/face validity from other studies",Non-differential with respect to the outcome,No,Objective,"Yes, the authors conducted content/face validity or cited the content/face validity from other studies",Differential with respect to the exposure,No,Dependent,No adjustment for confounding was done,Yes,No adjustment for confounding was done;No time-varying effect estimated,No time-varying effect estimated,No adjustment for confounding was done,Not reported or unknown,Not reported or unknown,Not reported or unknown,Not reported or unknown,Selection bias
2024/07/11 12:29:52 PM GMT+3,3,STUDY-0747,"No, I do not wish to recuse myself.",Causal,Cross-sectional,No,Non-random,Yes,,Yes,No,Objective,No,No,Not reported or unknown,Not reported or unknown,Random error;Confounding bias,,Cross-sectional,No,Cross-sectional,No,Non-random,Yes,No,Yes,No,No,No,No follow-up,No follow-up,Subjective,No,Non-differential with respect to the outcome,No,Objective,No,Non-differential with respect to the exposure,No,Independent,No adjustment for confounding was done,Yes,No adjustment for confounding was done;No time-varying effect estimated,No time-varying effect estimated,No adjustment for confounding was done,Not reported or unknown,No missing data in exposure,Not reported or unknown,Not reported or unknown,Random error;Confounding bias
2024/07/11 2:14:04 PM GMT+3,3,STUDY-0070,"No, I do not wish to recuse myself.",Causal,Cross-sectional,Yes,Whole population was invited (no sample was taken),No,,No sample size calculation done,No,Objective,No,No,No,No missing data in outcome,Measurement bias,,Cross-sectional,Yes,Cross-sectional,Yes,Whole population was invited (no sample was taken),No,No sample size calculation done,No sample size calculation done,Yes,No,No,No follow-up,No follow-up,Objective,"This type of objective measurement does not usually require validation (e.g., surgical intervention)",Non-differential with respect to the outcome,No,Objective,No,Non-differential with respect to the exposure,No,Independent,No adjustment for confounding was done,Yes,No time-varying effect estimated,No time-varying effect estimated,No adjustment for confounding was done,No,No missing data in exposure,No,No missing data in outcome,Measurement bias
2024/07/11 2:26:33 PM GMT+3,3,STUDY-0704,"No, I do not wish to recuse myself.",Causal,Cohort (including clinical trials without randomization),Yes,Non-random,No,,No sample size calculation done,No,Objective,No,No,Not reported or unknown,Not reported or unknown,Random error;Measurement bias,,Cohort (including clinical trials without randomization),Yes,Cohort (including clinical trials without randomization),Yes,Non-random,No,No sample size calculation done,No sample size calculation done,Yes,No,No,Not reported or unknown,Not reported or unknown,Objective,"This type of objective measurement does not usually require validation (e.g., surgical intervention)",Differential with respect to the outcome,No,Objective,No,Non-differential with respect to the exposure,No,Independent,No adjustment for confounding was done,No,No time-varying effect estimated,No time-varying effect estimated,No adjustment for confounding was done,No,No missing data in exposure,Not reported or unknown,Not reported or unknown,Random error;Measurement bias
2024/07/15 10:48:50 PM GMT+3,11,STUDY-0070,"No, I do not wish to recuse myself.",Causal,Cross-sectional,No,Whole population was invited (no sample was taken),No sampling done,,No sampling done,No baseline selection bias from investigator,Subjective,"Yes, the authors conducted content/face validity or cited the content/face validity from other studies",No,No,No missing data in outcome,Selection bias,,Cross-sectional,No,Cross-sectional,No,Whole population was invited (no sample was taken),No sampling done,No sampling done,No sampling done,No,No baseline selection bias from investigator,No,No follow-up,No follow-up,Objective,"This type of objective measurement does not usually require validation (e.g., surgical intervention)",Non-differential with respect to the outcome,No,Subjective,"Yes, the authors conducted content/face validity or cited the content/face validity from other studies",Non-differential with respect to the exposure,No,Dependent,No adjustment for confounding was done,No,No adjustment for confounding was done,No time-varying effect estimated,No adjustment for confounding was done,No,No missing data in exposure,No,No missing data in outcome,Selection bias
2024/07/15 11:24:26 PM GMT+3,11,STUDY-0704,"No, I do not wish to recuse myself.",Causal,Cross-sectional,No,Whole population was invited (no sample was taken),No sampling done,,No sampling done,No baseline selection bias from investigator,Objective,No,No,Not reported or unknown,Not reported or unknown,Selection bias;Measurement bias,,Cross-sectional,No,Cross-sectional,No,Whole population was invited (no sample was taken),No sampling done,No sampling done,No sampling done,No,No baseline selection bias from investigator,No,No follow-up,No follow-up,Objective,No,Differential with respect to the outcome,No,Objective,No,Non-differential with respect to the exposure,No,Dependent,No adjustment for confounding was done,No,No adjustment for confounding was done;No time-varying effect estimated,No time-varying effect estimated,No adjustment for confounding was done,Not reported or unknown,Not reported or unknown,Not reported or unknown,Not reported or unknown,Selection bias;Measurement bias
2024/07/16 10:16:27 AM GMT+3,11,STUDY-0747,"No, I do not wish to recuse myself.",Causal,Cross-sectional,No,Non-random,Yes,,Yes,No,Objective,"Yes, the authors conducted content/face validity or cited the content/face validity from other studies",No,No,No missing data in outcome,None of the above,,Cross-sectional,No,Cross-sectional,No,Non-random,Yes,Yes,Yes,Yes,No,No,No follow-up,No follow-up,Subjective,No,Non-differential with respect to the outcome,No,Objective,"Yes, the authors conducted content/face validity or cited the content/face validity from other studies",Non-differential with respect to the exposure,No,Independent,No adjustment for confounding was done,No,No time-varying effect estimated,No time-varying effect estimated,No adjustment for confounding was done,No,No missing data in exposure,No,No missing data in outcome,None of the above
2024/10/07 1:34:31 PM GMT+3,13,STUDY-0747,"No, I do not wish to recuse myself.",Causal,Cross-sectional,No,Non-random,Yes,,Yes,No,Objective,No,No,Not reported or unknown,Not reported or unknown,Confounding bias,,Cross-sectional,No,Cross-sectional,No,Non-random,Yes,No,Yes,Yes,No,No,No follow-up,No follow-up,Objective,No,Non-differential with respect to the outcome,No,Objective,No,Non-differential with respect to the exposure,No,Independent,No adjustment for confounding was done,Yes,No time-varying effect estimated,No time-varying effect estimated,No adjustment for confounding was done,No,No missing data in exposure,Not reported or unknown,Not reported or unknown,Confounding bias
2024/10/10 3:34:11 PM GMT+3,13,STUDY-0070,"No, I do not wish to recuse myself.",Causal,Cross-sectional,Yes,Non-random,No,,No sample size calculation done,No,Objective,No,No,No,No missing data in outcome,Selection bias;Measurement bias,,Cross-sectional,Yes,Cross-sectional,Yes,Non-random,No,No sample size calculation done,No sample size calculation done,Yes,No,No,No follow-up,No follow-up,Objective,No,Non-differential with respect to the outcome,No,Objective,No,Non-differential with respect to the exposure,No,Dependent,No adjustment for confounding was done,Yes,No time-varying effect estimated,No time-varying effect estimated,No adjustment for confounding was done,No,No missing data in exposure,No,No missing data in outcome,Selection bias;Measurement bias
2024/10/10 4:20:39 PM GMT+3,13,STUDY-0704,"No, I do not wish to recuse myself.",Causal,Cohort (including clinical trials without randomization),Yes,Non-random,No,,No sample size calculation done,No,Objective,No,No,Not reported or unknown,Not reported or unknown,Random error;Measurement bias,,Cohort (including clinical trials without randomization),Yes,Cohort (including clinical trials without randomization),Yes,Non-random,No,No sample size calculation done,No sample size calculation done,Yes,No,No,Not reported or unknown,Not reported or unknown,Objective,No,Non-differential with respect to the outcome,No,Objective,No,Non-differential with respect to the exposure,No,Dependent,No adjustment for confounding was done,Yes,No time-varying effect estimated,No time-varying effect estimated,No adjustment for confounding was done,No,No missing data in exposure,Not reported or unknown,Not reported or unknown,Random error;Measurement bias
2024/11/24 12:41:57 PM GMT+3,5,STUDY-0747,"No, I do not wish to recuse myself.",Causal,Cross-sectional,No,Whole population was invited (no sample was taken),Yes,,Yes,No,Subjective,"Yes, the authors conducted content/face validity or cited the content/face validity from other studies",No,Not reported or unknown,Not reported or unknown,Selection bias;Confounding bias,,Cross-sectional,No,Cross-sectional,No,Whole population was invited (no sample was taken),Yes,No,Yes,No,No,No baseline selection bias from from participants non-response,No follow-up,No follow-up,Subjective,No,Non-differential with respect to the outcome,No,Subjective,"Yes, the authors conducted content/face validity or cited the content/face validity from other studies",Non-differential with respect to the exposure,No,Independent,No adjustment for confounding was done,Yes,No adjustment for confounding was done,No time-varying effect estimated,No adjustment for confounding was done,Not reported or unknown,Not reported or unknown,Not reported or unknown,Not reported or unknown,Selection bias;Confounding bias
2024/11/25 8:36:24 PM GMT+3,5,STUDY-0070,"No, I do not wish to recuse myself.",Causal,Case-control,Yes,Non-random,No,,No sample size calculation done,No,Objective,No,No,Not reported or unknown,No,Selection bias,,Case-control,Yes,Case-control,Yes,Non-random,No,No sample size calculation done,No sample size calculation done,Yes,No,No,No follow-up,No follow-up,Objective,No,Differential with respect to the outcome,No,Objective,No,Differential with respect to the exposure,No,Dependent,No adjustment for confounding was done,No,No time-varying effect estimated,No time-varying effect estimated,No adjustment for confounding was done,No,No missing data in exposure,Not reported or unknown,No,Selection bias
2024/11/25 11:37:46 PM GMT+3,5,STUDY-0704,"No, I do not wish to recuse myself.",Causal,Cohort (including clinical trials without randomization),Yes,Non-random,No,,No sample size calculation done,No baseline selection bias from investigator,Objective,"This type of objective measurement does not usually require validation (e.g., surgical intervention)",No,Not reported or unknown,Not reported or unknown,None of the above,,Cohort (including clinical trials without randomization),Yes,Cohort (including clinical trials without randomization),Yes,Non-random,No,No sample size calculation done,No sample size calculation done,Yes,No baseline selection bias from investigator,No baseline selection bias from from participants non-response,Not reported or unknown,Not reported or unknown,Objective,"This type of objective measurement does not usually require validation (e.g., surgical intervention)",Differential with respect to the outcome,No,Objective,"This type of objective measurement does not usually require validation (e.g., surgical intervention)",Differential with respect to the exposure,No,Independent,No adjustment for confounding was done,No,No time-varying effect estimated,No time-varying effect estimated,No adjustment for confounding was done,Not reported or unknown,Not reported or unknown,Not reported or unknown,Not reported or unknown,None of the above
