Study_Type,category,domain,source
Causal,1.1,1,adjudicated (TSA/YA)
Causal,1.1,1,adjudicated (TSA/YA)
Causal,1.1,1,adjudicated (TSA/YA)
Causal,1.1,1,adjudicated (TSA/YA)
Causal,1.1,1,adjudicated (TSA/YA)
Causal,1.1,1,adjudicated (TSA/YA)
Causal,1.1,1,adjudicated (TSA/YA)
Causal,1.1,1,adjudicated (TSA/YA)
Causal,1.1,1,adjudicated (TSA/YA)
Causal,1.1,1,adjudicated (TSA/YA)
Causal,1.1,1,adjudicated (TSA/YA)
Causal,1.1,1,adjudicated (TSA/YA)
Causal,1.1,1,adjudicated (TSA/YA)
Causal,1.1,1,adjudicated (TSA/YA)
Causal,1.1,1,adjudicated (TSA/YA)
Causal,1.1,1,adjudicated (TSA/YA)
Causal,1.2,1,adjudicated (TSA/YA)
Causal,1.2,1,adjudicated (TSA/YA)
Causal,1.2,1,adjudicated (TSA/YA)
Causal,1.2,1,adjudicated (TSA/YA)
Causal,1.2,1,adjudicated (TSA/YA)
Causal,1.2,1,adjudicated (TSA/YA)
Causal,1.2,1,adjudicated (TSA/YA)
Causal,1.2,1,adjudicated (TSA/YA)
Causal,1.2,1,adjudicated (TSA/YA)
Causal,1.2,1,adjudicated (TSA/YA)
Causal,1.2,1,adjudicated (TSA/YA)
Causal,1.2,1,adjudicated (TSA/YA)
Causal,1.2,1,adjudicated (TSA/YA)
Causal,1.2,1,adjudicated (TSA/YA)
Causal,1.2,1,adjudicated (TSA/YA)
Causal,1.2,1,adjudicated (TSA/YA)
Causal,1.2,1,adjudicated (TSA/YA)
Causal,1.2,1,adjudicated (TSA/YA)
Causal,1.2,1,adjudicated (TSA/YA)
Causal,1.2,1,adjudicated (TSA/YA)
Causal,1.2,1,adjudicated (TSA/YA)
Causal,1.2,1,adjudicated (TSA/YA)
Causal,1.2,1,adjudicated (TSA/YA)
Causal,1.2,1,adjudicated (TSA/YA)
Causal,1.2,1,adjudicated (TSA/YA)
Causal,1.2,1,adjudicated (TSA/YA)
Causal,1.2,1,adjudicated (TSA/YA)
Causal,1.2,1,adjudicated (TSA/YA)
Causal,1.2,1,adjudicated (TSA/YA)
Causal,1.2,1,adjudicated (TSA/YA)
Causal,1.2,1,adjudicated (TSA/YA)
Causal,1.2,1,adjudicated (TSA/YA)
Causal,1.2,1,adjudicated (TSA/YA)
Causal,1.2,1,adjudicated (TSA/YA)
Causal,1.2,1,adjudicated (TSA/YA)
Causal,1.2,1,adjudicated (TSA/YA)
Causal,1.2,1,adjudicated (TSA/YA)
Causal,1.2,1,adjudicated (TSA/YA)
Causal,1.2,1,adjudicated (TSA/YA)
Causal,1.2,1,adjudicated (TSA/YA)
Causal,1.2,1,adjudicated (TSA/YA)
Causal,1.2,1,adjudicated (TSA/YA)
Causal,1.2,1,adjudicated (TSA/YA)
Causal,1.3,1,adjudicated (TSA/YA)
Causal,1.3,1,adjudicated (TSA/YA)
Causal,1.3,1,adjudicated (TSA/YA)
Causal,1.3,1,adjudicated (TSA/YA)
Causal,1.3,1,adjudicated (TSA/YA)
Causal,1.3,1,adjudicated (TSA/YA)
Causal,1.3,1,adjudicated (TSA/YA)
Causal,1.3,1,adjudicated (TSA/YA)
Causal,1.3,1,adjudicated (TSA/YA)
Causal,1.3,1,adjudicated (TSA/YA)
Causal,1.3,1,adjudicated (TSA/YA)
Causal,1.3,1,adjudicated (TSA/YA)
Causal,1.4,1,adjudicated (TSA/YA)
Causal,1.4,1,adjudicated (TSA/YA)
Causal,1.4,1,adjudicated (TSA/YA)
Causal,1.4,1,adjudicated (TSA/YA)
Causal,1.4,1,adjudicated (TSA/YA)
Causal,1.4,1,adjudicated (TSA/YA)
Causal,1.4,1,adjudicated (TSA/YA)
Causal,1.4,1,adjudicated (TSA/YA)
Causal,1.4,1,adjudicated (TSA/YA)
Causal,1.4,1,adjudicated (TSA/YA)
Causal,1.4,1,adjudicated (TSA/YA)
Causal,1.4,1,adjudicated (TSA/YA)
Causal,1.4,1,adjudicated (TSA/YA)
Causal,1.4,1,adjudicated (TSA/YA)
Causal,1.4,1,adjudicated (TSA/YA)
Causal,1.4,1,adjudicated (TSA/YA)
Causal,1.4,1,adjudicated (TSA/YA)
Causal,1.4,1,adjudicated (TSA/YA)
Causal,1.4,1,adjudicated (TSA/YA)
Causal,1.4,1,adjudicated (TSA/YA)
Causal,1.4,1,adjudicated (TSA/YA)
Causal,1.4,1,adjudicated (TSA/YA)
Causal,1.4,1,adjudicated (TSA/YA)
Causal,1.4,1,adjudicated (TSA/YA)
Causal,1.4,1,adjudicated (TSA/YA)
Causal,1.4,1,adjudicated (TSA/YA)
Causal,1.4,1,adjudicated (TSA/YA)
Causal,1.4,1,adjudicated (TSA/YA)
Causal,1.4,1,adjudicated (TSA/YA)
Causal,1.4,1,adjudicated (TSA/YA)
Causal,1.4,1,adjudicated (TSA/YA)
Causal,1.4,1,adjudicated (TSA/YA)
Causal,1.4,1,adjudicated (TSA/YA)
Causal,1.4,1,adjudicated (TSA/YA)
Causal,1.4,1,adjudicated (TSA/YA)
Causal,1.4,1,adjudicated (TSA/YA)
Causal,1.4,1,adjudicated (TSA/YA)
Causal,1.4,1,adjudicated (TSA/YA)
Causal,1.4,1,adjudicated (TSA/YA)
Causal,1.4,1,adjudicated (TSA/YA)
Causal,1.4,1,adjudicated (TSA/YA)
Causal,1.4,1,adjudicated (TSA/YA)
Causal,1.4,1,adjudicated (TSA/YA)
Causal,1.4,1,adjudicated (TSA/YA)
Causal,1.5,1,adjudicated (TSA/YA)
Causal,1.5,1,adjudicated (TSA/YA)
Causal,1.5,1,adjudicated (TSA/YA)
Causal,1.5,1,adjudicated (TSA/YA)
Causal,1.5,1,adjudicated (TSA/YA)
Causal,1.5,1,adjudicated (TSA/YA)
Causal,1.5,1,adjudicated (TSA/YA)
Causal,1.5,1,adjudicated (TSA/YA)
Causal,2.1,2,adjudicated (TSA/YA)
Causal,2.1,2,adjudicated (TSA/YA)
Causal,2.1,2,adjudicated (TSA/YA)
Causal,2.1,2,adjudicated (TSA/YA)
Causal,2.1,2,adjudicated (TSA/YA)
Causal,2.1,2,adjudicated (TSA/YA)
Causal,2.1,2,adjudicated (TSA/YA)
Causal,2.1,2,adjudicated (TSA/YA)
Causal,2.1,2,adjudicated (TSA/YA)
Causal,2.1,2,adjudicated (TSA/YA)
Causal,2.1,2,adjudicated (TSA/YA)
Causal,2.1,2,adjudicated (TSA/YA)
Causal,2.1,2,adjudicated (TSA/YA)
Causal,2.1,2,adjudicated (TSA/YA)
Causal,2.1,2,adjudicated (TSA/YA)
Causal,2.1,2,adjudicated (TSA/YA)
Causal,2.1,2,adjudicated (TSA/YA)
Causal,2.1,2,adjudicated (TSA/YA)
Causal,2.1,2,adjudicated (TSA/YA)
Causal,2.1,2,adjudicated (TSA/YA)
Causal,2.1,2,adjudicated (TSA/YA)
Causal,2.1,2,adjudicated (TSA/YA)
Causal,2.1,2,adjudicated (TSA/YA)
Causal,2.1,2,adjudicated (TSA/YA)
Causal,2.1,2,adjudicated (TSA/YA)
Causal,2.1,2,adjudicated (TSA/YA)
Causal,2.1,2,adjudicated (TSA/YA)
Causal,2.1,2,adjudicated (TSA/YA)
Causal,2.1,2,adjudicated (TSA/YA)
Causal,2.1,2,adjudicated (TSA/YA)
Causal,2.1,2,adjudicated (TSA/YA)
Causal,2.1,2,adjudicated (TSA/YA)
Causal,2.1,2,adjudicated (TSA/YA)
Causal,2.1,2,adjudicated (TSA/YA)
Causal,2.2,2,adjudicated (TSA/YA)
Causal,2.2,2,adjudicated (TSA/YA)
Causal,2.2,2,adjudicated (TSA/YA)
Causal,2.2,2,adjudicated (TSA/YA)
Causal,2.2,2,adjudicated (TSA/YA)
Causal,2.2,2,adjudicated (TSA/YA)
Causal,2.2,2,adjudicated (TSA/YA)
Causal,2.2,2,adjudicated (TSA/YA)
Causal,2.2,2,adjudicated (TSA/YA)
Causal,2.2,2,adjudicated (TSA/YA)
Causal,2.2,2,adjudicated (TSA/YA)
Causal,2.2,2,adjudicated (TSA/YA)
Causal,2.2,2,adjudicated (TSA/YA)
Causal,2.2,2,adjudicated (TSA/YA)
Causal,2.2,2,adjudicated (TSA/YA)
Causal,2.2,2,adjudicated (TSA/YA)
Causal,2.2,2,adjudicated (TSA/YA)
Causal,2.3,2,adjudicated (TSA/YA)
Causal,2.3,2,adjudicated (TSA/YA)
Causal,2.3,2,adjudicated (TSA/YA)
Causal,3.1,3,adjudicated (TSA/YA)
Causal,3.1,3,adjudicated (TSA/YA)
Causal,3.1,3,adjudicated (TSA/YA)
Causal,3.2,3,adjudicated (TSA/YA)
Causal,3.2,3,adjudicated (TSA/YA)
Causal,3.2,3,adjudicated (TSA/YA)
Causal,3.2,3,adjudicated (TSA/YA)
Causal,3.2,3,adjudicated (TSA/YA)
Causal,3.2,3,adjudicated (TSA/YA)
Causal,3.2,3,adjudicated (TSA/YA)
Causal,3.2,3,adjudicated (TSA/YA)
Causal,3.2,3,adjudicated (TSA/YA)
Causal,3.2,3,adjudicated (TSA/YA)
Causal,3.2,3,adjudicated (TSA/YA)
Causal,3.2,3,adjudicated (TSA/YA)
Causal,3.2,3,adjudicated (TSA/YA)
Causal,3.2,3,adjudicated (TSA/YA)
Causal,3.2,3,adjudicated (TSA/YA)
Causal,3.2,3,adjudicated (TSA/YA)
Causal,3.3,3,adjudicated (TSA/YA)
Causal,3.3,3,adjudicated (TSA/YA)
Causal,3.3,3,adjudicated (TSA/YA)
Causal,3.3,3,adjudicated (TSA/YA)
Causal,3.3,3,adjudicated (TSA/YA)
Causal,3.3,3,adjudicated (TSA/YA)
Causal,3.3,3,adjudicated (TSA/YA)
Causal,3.3,3,adjudicated (TSA/YA)
Causal,3.3,3,adjudicated (TSA/YA)
Causal,3.3,3,adjudicated (TSA/YA)
Causal,3.3,3,adjudicated (TSA/YA)
Causal,3.3,3,adjudicated (TSA/YA)
Causal,3.3,3,adjudicated (TSA/YA)
Causal,3.3,3,adjudicated (TSA/YA)
Causal,3.3,3,adjudicated (TSA/YA)
Causal,3.3,3,adjudicated (TSA/YA)
Causal,3.3,3,adjudicated (TSA/YA)
Causal,3.3,3,adjudicated (TSA/YA)
Causal,3.3,3,adjudicated (TSA/YA)
Causal,4.1,4,adjudicated (TSA/YA)
Causal,4.1,4,adjudicated (TSA/YA)
Causal,4.1,4,adjudicated (TSA/YA)
Causal,4.1,4,adjudicated (TSA/YA)
Causal,4.1,4,adjudicated (TSA/YA)
Causal,4.1,4,adjudicated (TSA/YA)
Causal,4.1,4,adjudicated (TSA/YA)
Causal,4.1,4,adjudicated (TSA/YA)
Causal,4.1,4,adjudicated (TSA/YA)
Causal,4.1,4,adjudicated (TSA/YA)
Causal,4.1,4,adjudicated (TSA/YA)
Causal,4.1,4,adjudicated (TSA/YA)
Causal,OTHER,9,adjudicated (TSA/YA)
Causal,OTHER,9,adjudicated (TSA/YA)
Descriptive,1.1,1,adjudicated (TSA/YA)
Descriptive,1.1,1,adjudicated (TSA/YA)
Descriptive,1.2,1,adjudicated (TSA/YA)
Descriptive,1.2,1,adjudicated (TSA/YA)
Descriptive,1.2,1,adjudicated (TSA/YA)
Descriptive,1.2,1,adjudicated (TSA/YA)
Descriptive,1.2,1,adjudicated (TSA/YA)
Descriptive,1.2,1,adjudicated (TSA/YA)
Descriptive,1.2,1,adjudicated (TSA/YA)
Descriptive,1.2,1,adjudicated (TSA/YA)
Descriptive,1.2,1,adjudicated (TSA/YA)
Descriptive,1.2,1,adjudicated (TSA/YA)
Descriptive,1.2,1,adjudicated (TSA/YA)
Descriptive,1.2,1,adjudicated (TSA/YA)
Descriptive,1.2,1,adjudicated (TSA/YA)
Descriptive,1.2,1,adjudicated (TSA/YA)
Descriptive,1.2,1,adjudicated (TSA/YA)
Descriptive,1.2,1,adjudicated (TSA/YA)
Descriptive,1.2,1,adjudicated (TSA/YA)
Descriptive,1.2,1,adjudicated (TSA/YA)
Descriptive,1.2,1,adjudicated (TSA/YA)
Descriptive,1.3,1,adjudicated (TSA/YA)
Descriptive,1.3,1,adjudicated (TSA/YA)
Descriptive,1.3,1,adjudicated (TSA/YA)
Descriptive,1.3,1,adjudicated (TSA/YA)
Descriptive,1.3,1,adjudicated (TSA/YA)
Descriptive,1.4,1,adjudicated (TSA/YA)
Descriptive,1.4,1,adjudicated (TSA/YA)
Descriptive,1.4,1,adjudicated (TSA/YA)
Descriptive,1.4,1,adjudicated (TSA/YA)
Descriptive,1.4,1,adjudicated (TSA/YA)
Descriptive,1.4,1,adjudicated (TSA/YA)
Descriptive,1.4,1,adjudicated (TSA/YA)
Descriptive,1.4,1,adjudicated (TSA/YA)
Descriptive,1.4,1,adjudicated (TSA/YA)
Descriptive,1.4,1,adjudicated (TSA/YA)
Descriptive,1.4,1,adjudicated (TSA/YA)
Descriptive,1.4,1,adjudicated (TSA/YA)
Descriptive,1.4,1,adjudicated (TSA/YA)
Descriptive,1.4,1,adjudicated (TSA/YA)
Descriptive,1.4,1,adjudicated (TSA/YA)
Descriptive,1.4,1,adjudicated (TSA/YA)
Descriptive,1.4,1,adjudicated (TSA/YA)
Descriptive,1.5,1,adjudicated (TSA/YA)
Descriptive,1.5,1,adjudicated (TSA/YA)
Descriptive,2.1,2,adjudicated (TSA/YA)
Descriptive,2.3,2,adjudicated (TSA/YA)
Descriptive,2.3,2,adjudicated (TSA/YA)
Descriptive,3.1,3,adjudicated (TSA/YA)
Descriptive,3.1,3,adjudicated (TSA/YA)
Descriptive,3.1,3,adjudicated (TSA/YA)
Descriptive,3.1,3,adjudicated (TSA/YA)
Descriptive,3.1,3,adjudicated (TSA/YA)
Descriptive,3.1,3,adjudicated (TSA/YA)
Descriptive,3.1,3,adjudicated (TSA/YA)
Descriptive,3.1,3,adjudicated (TSA/YA)
Descriptive,3.1,3,adjudicated (TSA/YA)
Descriptive,3.1,3,adjudicated (TSA/YA)
Descriptive,3.1,3,adjudicated (TSA/YA)
Descriptive,3.2,3,adjudicated (TSA/YA)
Descriptive,3.2,3,adjudicated (TSA/YA)
Descriptive,3.2,3,adjudicated (TSA/YA)
Descriptive,3.2,3,adjudicated (TSA/YA)
Descriptive,3.2,3,adjudicated (TSA/YA)
Descriptive,3.2,3,adjudicated (TSA/YA)
Descriptive,3.2,3,adjudicated (TSA/YA)
Descriptive,3.2,3,adjudicated (TSA/YA)
Descriptive,3.2,3,adjudicated (TSA/YA)
Descriptive,3.3,3,adjudicated (TSA/YA)
Descriptive,3.3,3,adjudicated (TSA/YA)
Descriptive,3.3,3,adjudicated (TSA/YA)
Descriptive,3.3,3,adjudicated (TSA/YA)
Descriptive,3.3,3,adjudicated (TSA/YA)
Descriptive,3.3,3,adjudicated (TSA/YA)
Descriptive,3.3,3,adjudicated (TSA/YA)
Descriptive,3.3,3,adjudicated (TSA/YA)
Descriptive,3.3,3,adjudicated (TSA/YA)
Descriptive,4.1,4,adjudicated (TSA/YA)
Descriptive,4.1,4,adjudicated (TSA/YA)
Descriptive,4.1,4,adjudicated (TSA/YA)
Descriptive,4.1,4,adjudicated (TSA/YA)
Predictive,1.1,1,"machine (SEIG, unverified)"
Predictive,1.1,1,"machine (SEIG, unverified)"
Predictive,1.1,1,"machine (SEIG, unverified)"
Predictive,1.1,1,"machine (SEIG, unverified)"
Predictive,1.1,1,"machine (SEIG, unverified)"
Predictive,1.1,1,"machine (SEIG, unverified)"
Predictive,1.1,1,"machine (SEIG, unverified)"
Predictive,1.2,1,"machine (SEIG, unverified)"
Predictive,1.2,1,"machine (SEIG, unverified)"
Predictive,1.2,1,"machine (SEIG, unverified)"
Predictive,1.2,1,"machine (SEIG, unverified)"
Predictive,1.2,1,"machine (SEIG, unverified)"
Predictive,1.2,1,"machine (SEIG, unverified)"
Predictive,1.2,1,"machine (SEIG, unverified)"
Predictive,1.2,1,"machine (SEIG, unverified)"
Predictive,1.2,1,"machine (SEIG, unverified)"
Predictive,1.2,1,"machine (SEIG, unverified)"
Predictive,1.2,1,"machine (SEIG, unverified)"
Predictive,1.2,1,"machine (SEIG, unverified)"
Predictive,1.2,1,"machine (SEIG, unverified)"
Predictive,1.2,1,"machine (SEIG, unverified)"
Predictive,1.2,1,"machine (SEIG, unverified)"
Predictive,1.2,1,"machine (SEIG, unverified)"
Predictive,1.2,1,"machine (SEIG, unverified)"
Predictive,1.2,1,"machine (SEIG, unverified)"
Predictive,1.2,1,"machine (SEIG, unverified)"
Predictive,1.2,1,"machine (SEIG, unverified)"
Predictive,1.2,1,"machine (SEIG, unverified)"
Predictive,1.2,1,"machine (SEIG, unverified)"
Predictive,1.2,1,"machine (SEIG, unverified)"
Predictive,1.2,1,"machine (SEIG, unverified)"
Predictive,1.2,1,"machine (SEIG, unverified)"
Predictive,1.2,1,"machine (SEIG, unverified)"
Predictive,1.2,1,"machine (SEIG, unverified)"
Predictive,1.2,1,"machine (SEIG, unverified)"
Predictive,1.2,1,"machine (SEIG, unverified)"
Predictive,1.2,1,"machine (SEIG, unverified)"
Predictive,1.2,1,"machine (SEIG, unverified)"
Predictive,1.3,1,"machine (SEIG, unverified)"
Predictive,1.3,1,"machine (SEIG, unverified)"
Predictive,1.4,1,"machine (SEIG, unverified)"
Predictive,1.4,1,"machine (SEIG, unverified)"
Predictive,1.4,1,"machine (SEIG, unverified)"
Predictive,1.4,1,"machine (SEIG, unverified)"
Predictive,1.4,1,"machine (SEIG, unverified)"
Predictive,1.4,1,"machine (SEIG, unverified)"
Predictive,1.4,1,"machine (SEIG, unverified)"
Predictive,1.4,1,"machine (SEIG, unverified)"
Predictive,1.4,1,"machine (SEIG, unverified)"
Predictive,1.4,1,"machine (SEIG, unverified)"
Predictive,1.4,1,"machine (SEIG, unverified)"
Predictive,1.4,1,"machine (SEIG, unverified)"
Predictive,1.4,1,"machine (SEIG, unverified)"
Predictive,1.5,1,"machine (SEIG, unverified)"
Predictive,1.5,1,"machine (SEIG, unverified)"
Predictive,2.1,2,"machine (SEIG, unverified)"
Predictive,2.1,2,"machine (SEIG, unverified)"
Predictive,2.2,2,"machine (SEIG, unverified)"
Predictive,3.2,3,"machine (SEIG, unverified)"
Predictive,3.3,3,"machine (SEIG, unverified)"
Predictive,3.3,3,"machine (SEIG, unverified)"
Predictive,3.3,3,"machine (SEIG, unverified)"
Predictive,4.1,4,"machine (SEIG, unverified)"
Predictive,4.1,4,"machine (SEIG, unverified)"
Predictive,OTHER,9,"machine (SEIG, unverified)"
Predictive,OTHER,9,"machine (SEIG, unverified)"
Predictive,OTHER,9,"machine (SEIG, unverified)"
Predictive,OTHER,9,"machine (SEIG, unverified)"
Predictive,OTHER,9,"machine (SEIG, unverified)"
Predictive,OTHER,9,"machine (SEIG, unverified)"
Predictive,OTHER,9,"machine (SEIG, unverified)"
Predictive,OTHER,9,"machine (SEIG, unverified)"
Predictive,OTHER,9,"machine (SEIG, unverified)"
Predictive,OTHER,9,"machine (SEIG, unverified)"
Predictive,OTHER,9,"machine (SEIG, unverified)"
